"RANKING","PAIS","JUGADOR","EDAT","PUNTS","TORNEJOS","WL","TITOLS","RANKING_DOB","GUANYS_IND","GUANYS_DOB","GUANYS_TOT"
"1","ESP","Rafael Nadal",31,"10,645",17,"67-10","6","550",12586340,12660,12599000
"2","SUI","Roger Federer",36,"9,005",16,"49-4","7","0",11022856,0,11022856
"3","GER","Alexander Zverev",20,"4,410",24,"54-20","5","99",3824313,102685,3926998
"4","AUT","Dominic Thiem",24,"3,815",26,"48-25","1","269",3271907,61719,3333626
"5","CRO","Marin Cilic",29,"3,805",21,"44-19","1","184",3405923,58815,3464738
"6","BUL","Grigor Dimitrov",26,"3,650",22,"44-19","3","562",3046244,33266,3079510
"7","SUI","Stan Wawrinka",32,"3,150",15,"26-11","1","555",2802229,16683,2818912
"8","BEL","David Goffin",26,"2,975",25,"54-22","2","555",2372613,14063,2386676
"9","USA","Jack Sock",25,"2,765",21,"36-19","3","39",2266419,257154,2523573
"10","ESP","Pablo Carreno Busta",26,"2,615",24,"36-24","1","45",2420305,166054,2586359
"11","ARG","Juan Martin del Potro",29,"2,595",19,"38-16","1","319",2302354,32947,2335301
"12","SRB","Novak Djokovic",30,"2,585",16,"32-8","2","233",2083741,32783,2116524
"13","USA","Sam Querrey",30,"2,535",23,"36-21","2","58",2232149,170678,2402827
"14","RSA","Kevin Anderson",31,"2,480",22,"32-21","0","289",2842345,15600,2857945
"15","FRA","Jo-Wilfried Tsonga",32,"2,320",20,"37-14","4","552",1843647,13368,1857015
"16","GBR","Andy Murray",30,"2,290",16,"25-10","1","552",2071625,21000,2092625
"17","USA","John Isner",32,"2,265",24,"38-22","2","98",1707550,129404,1836954
"18","FRA","Lucas Pouille",23,"2,235",24,"35-21","3","158",1953511,87622,2041133
"19","CZE","Tomas Berdych",32,"2,095",19,"35-18","0","555",1782871,20674,1803545
"20","ESP","Roberto Bautista Agut",29,"2,015",24,"48-21","2","321",1753055,41882,1794937
"21","AUS","Nick Kyrgios",22,"2,010",19,"31-17","0","74",1787646,137854,1925500
"22","JPN","Kei Nishikori",27,"1,885",19,"30-13","0","827",1485482,6273,1491755
"23","ESP","Albert Ramos-Vinolas",29,"1,845",30,"34-31","0","150",1643204,138566,1781770
"24","CAN","Milos Raonic",26,"1,795",20,"29-12","0","0",1405103,4343,1409446
"25","LUX","Gilles Muller",34,"1,695",22,"32-18","2","104",1227494,113812,1341306
"26","ARG","Diego Schwartzman",25,"1,675",28,"39-28","0","134",1523297,94492,1617789
"27","ITA","Fabio Fognini",30,"1,670",24,"36-23","1","96",1304964,124091,1429055
"28","FRA","Adrian Mannarino",29,"1,635",29,"33-27","0","291",1279672,53505,1333177
"29","GER","Philipp Kohlschreiber",34,"1,440",22,"32-19","1","563",1171269,39302,1210571
"30","BIH","Damir Dzumhur",25,"1,391",28,"36-24","2","367",1012697,25914,1038611
"31","FRA","Richard Gasquet",31,"1,375",21,"29-18","0","0",1020777,9409,1030186
"32","GER","Mischa Zverev",30,"1,302",31,"30-32","0","52",1276820,202885,1479705
"33","SRB","Filip Krajinovic",25,"1,298",26,"5-2","0","794",605365,3383,608748
"34","ESP","Fernando Verdasco",33,"1,295",25,"29-25","0","65",1221155,178431,1399586
"35","ESP","Feliciano Lopez",36,"1,295",25,"25-23","1","24",1303087,428664,1731751
"36","ESP","David Ferrer",35,"1,290",23,"24-21","1","558",1046695,19516,1066211
"37","RUS","Andrey Rublev",20,"1,288",23,"18-16","1","320",1061168,39859,1101027
"38","URU","Pablo Cuevas",31,"1,280",24,"20-21","1","20",1113561,421432,1534993
"39","UKR","Alexandr Dolgopolov",28,"1,231",24,"28-23","1","0",934290,6467,940757
"40","JPN","Yuichi Sugita",29,"1,219",29,"22-16","1","600",727829,16555,744384
"41","FRA","Benoit Paire",28,"1,155",33,"31-31","0","172",1021800,93935,1115735
"42","NED","Robin Haase",30,"1,130",30,"28-30","0","81",1036252,130382,1166634
"43","ITA","Paolo Lorenzi",35,"1,095",34,"25-35","0","84",979470,172572,1152042
"44","USA","Steve Johnson",27,"1,055",26,"30-22","1","164",933228,72212,1005440
"45","RUS","Karen Khachanov",21,"1,030",28,"25-29","0","120",1077784,100835,1178619
"46","FRA","Gael Monfils",31,"1,015",17,"20-14","0","318",1021555,21803,1043358
"47","USA","Ryan Harrison",25,"1,010",26,"19-23","1","21",780131,455653,1235784
"48","CRO","Borna Coric",20,"1,001",28,"21-25","1","0",854482,5337,859819
"49","GBR","Aljaz Bedene",28,"993",21,"19-18","0","558",640720,15601,656321
"50","GBR","Kyle Edmund",22,"992",27,"30-30","0","0",952699,12696,965395
"51","CAN","Denis Shapovalov",18,"981",23,"11-11","0","773",682664,1830,684494
"52","FRA","Julien Benneteau",35,"959",20,"13-14","0","47",570506,161428,731934
"53","ARG","Leonardo Mayer",30,"917",19,"11-8","1","153",655888,47258,703146
"54","KOR","Hyeon Chung",21,"914",23,"24-18","0","395",650510,21952,672462
"55","USA","Jared Donaldson",21,"908",29,"21-22","0","0",790088,14847,804935
"56","GER","Jan-Lennard Struff",27,"898",33,"28-29","0","190",781676,63166,844842
"57","SRB","Viktor Troicki",31,"880",28,"24-28","0","107",886201,102983,989184
"58","UZB","Denis Istomin",31,"873",25,"17-18","1","263",699225,19010,718235
"59","POR","Joao Sousa",28,"850",30,"25-32","0","235",704606,72036,776642
"60","GER","Peter Gojowczyk",28,"839",21,"14-9","1","0",407519,270,407789
"61","GEO","Nikoloz Basilashvili",25,"826",31,"25-27","0","0",732876,26473,759349
"62","USA","Donald Young",28,"816",24,"24-22","0","48",713155,213517,926672
"63","CZE","Jiri Vesely",24,"815",26,"24-26","0","135",705189,77169,782358
"64","ARG","Horacio Zeballos",32,"808",32,"20-22","0","38",707541,165725,873266
"65","RUS","Daniil Medvedev",21,"772",26,"22-24","0","351",617579,22407,639986
"66","ARG","Guido Pella",27,"757",22,"16-18","0","829",457931,19792,477723
"67","ISR","Dudi Sela",32,"755",23,"13-17","0","176",474394,43894,518288
"68","ARG","Federico Delbonis",27,"755",19,"11-10","0","396",378265,16717,394982
"69","GER","Florian Mayer",34,"718",22,"10-17","0","202",673616,54486,728102
"70","ESP","Guillermo Garcia-Lopez",34,"714",29,"5-15","0","83",403631,93370,497001
"71","RUS","Evgeny Donskoy",27,"706",30,"5-14","0","259",435654,13396,449050
"72","TPE","Yen-Hsun Lu",34,"704",24,"9-14","0","234",442787,41009,483796
"73","ITA","Thomas Fabbiano",28,"701",27,"4-12","0","502",381464,20305,401769
"74","SRB","Dusan Lajovic",27,"687",27,"18-22","0","322",548667,27642,576309
"75","BEL","Steve Darcis",33,"667",22,"20-18","0","323",531591,35672,567263
"76","FRA","Jeremy Chardy",30,"665",27,"18-21","0","92",558812,95405,654217
"77","USA","Frances Tiafoe",19,"663",26,"7-17","0","366",499300,20939,520239
"78","CRO","Ivo Karlovic",38,"660",23,"15-20","0","0",670230,0,670230
"79","KAZ","Mikhail Kukushkin",29,"659",23,"13-14","0","830",518755,6892,525647
"80","DOM","Victor Estrella Burgos",37,"656",25,"9-10","1","344",354188,15427,369615
"81","GER","Cedrik-Marcel Stebe",27,"655",22,"6-6","0","0",201758,1802,203560
"82","FRA","Pierre-Hugues Herbert",26,"652",23,"10-20","0","13",548422,588861,1137283
"83","RUS","Mikhail Youzhny",35,"633",27,"10-20","0","833",461710,27554,489264
"84","HUN","Marton Fucsovics",25,"629",23,"9-8","0","465",281380,6085,287465
"85","USA","Tennys Sandgren",26,"623",32,"2-6","0","275",224380,7018,231398
"86","MDA","Radu Albot",27,"616",30,"9-17","0","208",466537,20962,487499
"87","GRE","Stefanos Tsitsipas",19,"615",32,"4-10","0","501",302949,3703,306652
"88","SRB","Laslo Djere",22,"612",29,"7-5","0","0",139601,1847,141448
"89","FRA","Gilles Simon",32,"610",26,"16-25","0","837",666044,40294,706338
"90","GER","Maximilian Marterer",22,"608",27,"0-10","0","617",206462,3509,209971
"91","ROU","Marius Copil",27,"601",25,"8-15","0","738",354593,12935,367528
"92","AUS","Jordan Thompson",23,"593",26,"13-17","0","87",423584,88877,512461
"93","BRA","Rogerio Dutra Silva",33,"592",30,"10-21","0","90",445345,100164,545509
"94","ITA","Andreas Seppi",33,"591",22,"18-18","0","215",557502,46144,603646
"95","TUN","Malek Jaziri",33,"580",31,"16-22","0","203",581940,54532,636472
"96","JPN","Taro Daniel",24,"579",25,"4-10","0","931",335884,6116,342000
"97","ARG","Nicolas Kicker",25,"574",26,"10-13","0","678",358975,10193,369168
"98","SLO","Blaz Kavcic",30,"573",26,"1-2","0","313",162372,8271,170643
"99","AUT","Gerald Melzer",27,"572",24,"9-9","0","464",213047,12389,225436
"100","AUS","Matthew Ebden",29,"569",18,"9-7","0","231",180968,21641,202609
"101","BEL","Ruben Bemelmans",29,"566",25,"6-5","0","241",288038,5901,293939
"102","FRA","Nicolas Mahut",35,"561",22,"15-19","0","6",608164,694050,1302214
"103","SUI","Henri Laaksonen",25,"557",31,"11-12","0","0",275131,0,275131
"104","SRB","Janko Tipsarevic",33,"556",16,"5-12","0","0",301145,16757,317902
"105","CYP","Marcos Baghdatis",32,"555",20,"18-17","0","397",484451,26923,511374
"106","CAN","Vasek Pospisil",27,"555",26,"8-13","0","178",324685,54641,379326
"107","RUS","Andrey Kuznetsov",26,"546",26,"14-22","0","154",449285,42829,492114
"108","ESP","Roberto Carballes Baena",24,"544",27,"3-2","0","535",120823,4325,125148
"109","ITA","Marco Cecchinato",25,"543",28,"1-5","0","212",179312,9741,189053
"110","UKR","Sergiy Stakhovsky",31,"537",29,"6-8","0","167",287320,12381,299701
"111","USA","Taylor Fritz",20,"536",23,"13-13","0","561",374256,17100,391356
"112","BRA","Thomaz Bellucci",29,"531",22,"14-20","0","398",439419,31881,471300
"113","SVK","Norbert Gombos",27,"526",31,"5-10","0","594",253462,4796,258258
"114","KAZ","Alexander Bublik",20,"514",25,"3-3","0","0",216063,3712,219775
"115","GBR","Cameron Norrie",22,"512",20,"2-4","0","470",221805,3403,225208
"116","GER","Yannick Hanfmann",25,"499",22,"7-5","0","545",144674,2755,147429
"117","USA","Ernesto Escobedo",21,"498",24,"9-15","0","490",369659,13570,383229
"118","CHI","Nicolas Jarry",22,"496",24,"2-3","0","188",150224,7080,157304
"119","USA","Bjorn Fratangelo",24,"494",25,"8-11","0","702",303680,4022,307702
"120","ARG","Carlos Berlocq",34,"484",28,"13-20","0","314",402242,36002,438244
"121","POR","Gastao Elias",26,"474",30,"7-11","0","277",220904,12720,233624
"122","ITA","Matteo Berrettini",21,"470",22,"0-1","0","497",84668,3357,88025
"123","GER","Dustin Brown",32,"469",30,"10-20","0","182",455855,43019,498874
"124","POR","Pedro Sousa",29,"469",21,"4-1","0","0",109828,720,110548
"125","POL","Jerzy Janowicz",26,"464",20,"6-6","0","438",280333,10677,291010
"126","SVK","Lukas Lacko",30,"457",24,"7-10","0","1234",297254,926,298180
"127","JPN","Yoshihito Nishioka",22,"454",13,"9-9","0","0",214339,0,214339
"128","BLR","Egor Gerasimov",24,"454",16,"3-0","0","946",71296,960,72256
"129","CAN","Peter Polansky",29,"445",28,"2-4","0","187",206757,11130,217887
"130","ESP","Adrian Menendez-Maceiras",32,"444",23,"2-4","0","165",181407,12372,193779
"131","USA","Stefan Kozlov",19,"439",28,"2-9","0","362",172801,9375,182176
"132","FRA","Quentin Halys",21,"436",27,"2-6","0","221",196467,19693,216160
"133","BRA","Thiago Monteiro",23,"435",28,"13-24","0","630",447612,8306,455918
"134","GER","Oscar Otte",24,"435",24,"0-0","0","227",86389,7644,94033
"135","AUT","Sebastian Ofner",21,"433",31,"5-3","0","733",200267,2966,203233
"136","GBR","Daniel Evans",27,"427",14,"13-12","0","303",405918,23108,429026
"137","ITA","Stefano Travaglia",25,"426",24,"1-3","0","611",180893,4016,184909
"138","NOR","Casper Ruud",18,"409",28,"7-9","0","1186",221336,1546,222882
"139","ITA","Alessandro Giannessi",27,"408",23,"6-9","0","254",188751,20943,209694
"140","IND","Yuki Bhambri",25,"408",22,"8-4","0","377",128693,5352,134045
"141","LTU","Ricardas Berankis",27,"395",17,"5-7","0","830",284309,4549,288858
"142","SVK","Martin Klizan",28,"393",21,"11-16","0","334",360936,20335,381271
"143","ARG","Renzo Olivo",25,"387",30,"8-16","0","245",327412,18988,346400
"144","AUS","Bernard Tomic",25,"386",22,"10-19","0","290",486450,28461,514911
"145","USA","Michael Mmoh",19,"381",25,"0-4","0","1184",145770,1270,147040
"146","ESP","Nicolas Almagro",32,"380",19,"10-12","0","309",362841,18514,381355
"147","AUS","Akira Santillan",20,"369",29,"2-5","0","373",128408,5140,133548
"148","IND","Ramkumar Ramanathan",22,"365",33,"8-5","0","392",105088,6536,111624
"149","ITA","Luca Vanni",32,"363",23,"0-2","0","818",95575,3198,98773
"150","ARG","Facundo Bagnis",27,"362",25,"3-12","0","169",221696,35597,257293
"151","JPN","Tatsuma Ito",29,"361",27,"0-2","0","797",114573,2010,116583
"152","ESP","Tommy Robredo",35,"358",26,"6-11","0","195",231280,42594,273874
"153","BIH","Mirza Basic",26,"358",21,"4-2","0","576",116603,2958,119561
"154","CAN","Felix Auger-Aliassime",17,"353",22,"0-0","0","813",62263,1731,63994
"155","FRA","Corentin Moutet",18,"352",23,"0-0","0","491",57242,12538,69780
"156","SRB","Nikola Milojevic",22,"350",25,"0-0","0","363",75293,7010,82303
"157","FRA","Kenny De Schepper",30,"349",27,"5-4","0","730",115275,10027,125302
"158","USA","Tim Smyczek",29,"347",21,"1-7","0","1244",188319,1740,190059
"159","USA","Tommy Paul",20,"346",19,"6-4","0","1078",171623,9940,181563
"160","JPN","Go Soeda",33,"345",23,"1-3","0","430",140542,4754,145296
"161","FRA","Mathias Bourgue",23,"344",27,"0-2","0","0",115137,7371,122508
"162","SVK","Jozef Kovalik",25,"335",25,"3-6","0","284",131001,5830,136831
"163","SVK","Andrej Martin",28,"335",21,"2-2","0","713",69580,3983,73563
"164","ITA","Stefano Napolitano",22,"333",26,"1-2","0","278",152888,10501,163389
"165","FRA","Gleb Sakharov",29,"324",30,"1-1","0","788",85203,1939,87142
"166","HUN","Attila Balazs",28,"322",31,"1-3","0","201",55780,10373,66153
"167","GER","Yannick Maden",28,"321",22,"1-1","0","1234",67392,661,68053
"168","GBR","Liam Broady",23,"313",21,"2-2","0","606",77678,1816,79494
"169","BEL","Arthur De Greef",25,"310",24,"2-5","0","949",121330,2726,124056
"170","ITA","Salvatore Caruso",24,"309",34,"0-1","0","260",74765,7280,82045
"171","ITA","Simone Bolelli",32,"305",16,"2-4","0","171",214496,48016,262512
"172","POR","Joao Domingues",24,"304",23,"2-1","0","739",52023,2309,54332
"173","BIH","Aldin Setkic",29,"304",28,"0-1","0","472",78813,5759,84572
"174","BLR","Uladzimir Ignatik",27,"302",31,"0-0","0","400",86097,5114,91211
"175","USA","Mackenzie McDonald",22,"299",28,"0-0","0","308",89736,8385,98121
"176","ESP","Marcel Granollers",31,"298",24,"4-17","0","14",339238,509694,848932
"177","BAR","Darian King",25,"294",19,"9-4","0","370",171107,5504,176611
"178","EST","Jurgen Zopp",29,"292",17,"1-2","0","1230",40268,410,40678
"179","ESP","Carlos Taberner",20,"291",26,"0-0","0","368",36784,4793,41577
"180","ESP","Ricardo Ojeda Lara",24,"291",27,"0-0","0","954",47369,1697,49066
"181","GER","Matthias Bachinger",30,"287",18,"0-0","0","1234",44428,2015,46443
"182","FRA","Benjamin Bonzi",21,"286",28,"1-1","0","253",122529,8333,130862
"183","SWE","Elias Ymer",21,"284",22,"4-5","0","493",107215,7089,114304
"184","KAZ","Dmitry Popko",21,"283",33,"2-1","0","412",58513,5227,63740
"185","AUS","John Millman",28,"282",15,"3-6","0","256",272032,21105,293137
"186","RUS","Alexey Vatutin",25,"282",26,"0-0","0","714",55931,1391,57322
"187","USA","Mitchell Krueger",23,"281",29,"1-3","0","276",129258,7795,137053
"188","CZE","Adam Pavlasek",23,"276",22,"1-5","0","0",182240,0,182240
"189","KOR","Soon Woo Kwon",19,"276",19,"3-1","0","356",54160,5220,59380
"190","FRA","Calvin Hemery",22,"275",23,"0-1","0","618",63401,4338,67739
"191","CZE","Vaclav Safranek",23,"273",30,"0-1","0","296",94374,5070,99444
"192","ARG","Guido Andreozzi",26,"273",24,"1-2","0","168",99762,15130,114892
"193","AUT","Jurgen Melzer",36,"271",9,"0-2","0","200",80169,19284,99453
"194","FRA","Vincent Millot",31,"269",22,"2-5","0","804",175850,7487,183337
"195","UKR","Illya Marchenko",30,"269",21,"4-6","0","828",171387,3433,174820
"196","COL","Santiago Giraldo",29,"265",18,"6-11","0","711",242497,2250,244747
"197","USA","Evan King",25,"261",35,"1-2","0","156",95025,14329,109354
"198","CHN","Ze Zhang",27,"260",18,"1-4","0","204",90345,24595,114940
"199","LAT","Ernests Gulbis",29,"258",12,"6-8","0","0",317146,0,317146
"200","CAN","Brayden Schnur",22,"258",24,"0-3","0","734",61054,4268,65322
"201","KOR","Duckhee Lee",19,"258",32,"0-1","0","925",90129,3010,93139
"202","USA","Kevin King",26,"257",20,"0-0","0","287",34161,5752,39913
"203","USA","Noah Rubin",21,"256",18,"1-2","0","1181",103409,1020,104429
"204","ITA","Lorenzo Sonego",22,"255",19,"0-0","0","588",31426,2192,33618
"205","CZE","Lukas Rosol",32,"254",18,"3-4","0","336",150488,4639,155127
"206","AUS","Alex Bolt",24,"254",18,"0-2","0","95",77490,50437,127927
"207","USA","Denis Kudla",25,"253",23,"1-1","0","175",124261,13602,137863
"208","AUS","Alex de Minaur",18,"250",20,"2-5","0","1139",202176,7445,209621
"209","ESA","Marcelo Arevalo",27,"250",22,"4-1","0","103",59960,21376,81336
"210","SRB","Miomir Kecmanovic",18,"246",25,"0-0","0","753",44481,2380,46861
"211","AUS","Thanasi Kokkinakis",21,"245",8,"6-7","0","177",244533,29858,274391
"212","JPN","Yasutaka Uchiyama",25,"245",19,"2-2","0","141",89096,52320,141416
"213","EGY","Mohamed Safwat",27,"245",25,"1-4","0","770",92719,2650,95369
"214","POR","Goncalo Oliveira",22,"245",45,"0-0","0","163",49846,11871,61717
"215","SLO","Blaz Rola",27,"243",23,"0-0","0","299",56075,6122,62197
"216","SRB","Pedja Krstin",23,"242",23,"0-0","0","1173",41404,2455,43859
"217","AUS","John-Patrick Smith",28,"237",18,"0-3","0","66",144950,94444,239394
"218","AUT","Dennis Novak",24,"237",20,"1-1","0","789",54815,1911,56726
"219","ESP","Jaume Munar",20,"237",23,"0-1","0","330",38964,10208,49172
"220","CZE","Zdenek Kolar",21,"236",36,"0-0","0","145",41755,12266,54021
"221","ARG","Marco Trungelliti",27,"235",21,"1-2","0","469",153809,4081,157890
"222","USA","Reilly Opelka",20,"235",21,"1-8","0","450",176799,14162,190961
"223","POL","Kamil Majchrzak",21,"235",23,"0-4","0","389",40380,3734,44114
"224","CRO","Viktor Galovic",27,"232",16,"1-0","0","532",42012,3541,45553
"225","USA","Dennis Novikov",24,"231",30,"2-3","0","196",120783,9320,130103
"226","ITA","Andrea Arnaboldi",29,"230",31,"0-0","0","953",50371,2391,52762
"227","KAZ","Aleksandr Nedovyesov",30,"227",21,"0-1","0","251",46410,6499,52909
"228","BRA","Guilherme Clezar",24,"226",24,"0-2","0","568",43464,4148,47612
"229","USA","Bradley Klahn",27,"224",19,"0-0","0","222",74192,17690,91882
"230","RSA","Lloyd Harris",20,"224",26,"6-2","0","1079",38375,1756,40131
"231","ESP","Nicola Kuhn",17,"221",17,"0-1","0","0",45447,431,45878
"232","BOL","Hugo Dellien",24,"221",21,"1-1","0","270",28690,5394,34084
"233","GER","Daniel Altmaier",19,"221",22,"2-3","0","484",52680,5662,58342
"234","EGY","Karim-Mohamed Maamoun",26,"221",27,"0-0","0","514",32424,3010,35434
"235","RUS","Teymuraz Gabashvili",32,"220",24,"0-3","0","285",126065,6329,132394
"236","AUS","Sam Groth",30,"216",17,"2-5","0","76",108347,94337,202684
"237","CHN","Di Wu",26,"214",25,"1-5","0","193",141015,23040,164055
"238","GER","Tobias Kamke",31,"214",22,"2-2","0","916",101194,984,102178
"239","TPE","Jason Jung",28,"213",21,"0-4","0","595",54147,4160,58307
"240","ARG","Federico Coria",25,"213",30,"0-0","0","279",41133,5855,46988
"241","ITA","Federico Gaio",25,"212",23,"2-2","0","564",73653,7271,80924
"242","BEL","Julien Cagnina",23,"212",28,"0-0","0","1112",26516,582,27098
"243","USA","Christian Harrison",23,"210",23,"0-2","0","550",62413,13250,75663
"244","NED","Tallon Griekspoor",21,"209",24,"0-2","0","378",48934,8911,57845
"245","BRA","Joao Souza",29,"209",26,"1-3","0","340",68536,10244,78780
"246","JPN","Yusuke Takahashi",20,"208",25,"0-1","0","446",39546,4826,44372
"247","ITA","Lorenzo Giustino",26,"207",33,"0-1","0","619",64922,3808,68730
"248","FRA","Paul-Henri Mathieu",35,"206",19,"1-9","0","558",180965,21841,202806
"249","GER","Tommy Haas",39,"205",14,"6-14","0","268",261904,34477,296381
"250","BLR","Ilya Ivashka",23,"204",16,"2-2","0","601",59975,3022,62997
"251","SRB","Danilo Petrovic",25,"204",23,"0-0","0","456",34784,4542,39326
"252","POR","Joao Monteiro",23,"202",29,"0-0","0","586",28241,2817,31058
"253","USA","Austin Krajicek",27,"201",23,"0-1","0","117",48330,30280,78610
"254","ESP","Javier Marti",25,"199",21,"0-0","0","923",28224,1573,29797
"255","IND","Prajnesh Gunneswaran",27,"199",22,"1-1","0","650",44169,2370,46539
"256","ESP","Pedro Martinez",20,"198",34,"0-0","0","242",31557,9076,40633
"257","USA","Alexander Sarkissian",27,"197",25,"0-0","0","737",56531,2515,59046
"258","FRA","David Guez",34,"196",27,"0-0","0","460",25542,5398,30940
"259","RUS","Konstantin Kravchuk",32,"195",27,"2-12","0","634",233163,10398,243561
"260","ARG","Andrea Collarini",25,"194",27,"0-0","0","488",36720,3786,40506
"261","ESP","Inigo Cervantes",27,"193",21,"0-1","0","229",46407,8304,54711
"262","POL","Hubert Hurkacz",20,"192",22,"0-4","0","306",29497,5069,34566
"263","ITA","Matteo Donati",22,"192",22,"0-0","0","240",59752,6710,66462
"264","CHI","Christian Garin",21,"191",20,"2-2","0","410",87774,2523,90297
"265","AUS","Dayne Kelly",27,"191",25,"0-0","0","822",32687,4002,36689
"266","ITA","Matteo Viola",30,"190",26,"0-0","0","358",28460,5062,33522
"267","USA","Marcos Giron",24,"186",25,"0-0","0","379",48255,4610,52865
"268","TUR","Cem Ilkel",22,"186",31,"1-4","0","546",57919,4550,62469
"269","AUS","Omar Jasika",20,"185",16,"0-1","0","1080",67575,2260,69835
"270","AUS","Maverick Banes",25,"185",23,"0-0","0","437",27371,4838,32209
"271","GER","Dominik Koepfer",23,"185",26,"0-1","0","342",28675,4125,32800
"272","BIH","Tomislav Brkic",27,"185",28,"1-0","0","418",29222,4251,33473
"273","GER","Jeremy Jahn",27,"185",30,"0-0","0","631",43210,2140,45350
"274","AUS","Blake Mott",21,"184",16,"0-1","0","0",75995,540,76535
"275","AUT","Michael Linzer",28,"184",27,"0-0","0","708",26056,1843,27899
"276","BEL","Joris De Loore",24,"183",19,"0-1","0","283",85841,4301,90142
"277","ARG","Facundo Arguello",25,"183",22,"0-0","0","297",24239,6242,30481
"278","CHN","Zhe Li",31,"183",23,"2-0","0","311",30487,7562,38049
"279","CAN","Filip Peliwo",23,"181",29,"0-0","0","413",33518,6034,39552
"280","GER","Daniel Masur",23,"180",22,"0-2","0","386",74414,1655,76069
"281","GER","Mats Moraing",25,"177",24,"0-0","0","726",27354,2579,29933
"282","AUS","Max Purcell",19,"177",24,"0-0","0","298",35682,13769,49451
"283","CZE","Marek Jaloviec",23,"177",32,"0-0","0","980",29547,1927,31474
"284","BEL","Kimmer Coppejans",23,"174",25,"0-1","0","536",56797,4388,61185
"285","GBR","Jay Clarke",19,"173",26,"0-0","0","248",42517,19785,62302
"286","ISR","Edan Leshem",20,"172",24,"0-3","0","529",31329,3182,34511
"287","COL","Daniel Elahi Galan",21,"171",22,"0-0","0","345",21713,5676,27389
"288","FRA","Tristan Lamasine",24,"171",25,"0-1","0","183",46038,19216,65254
"289","ESP","Daniel Munoz de la Nava",35,"170",16,"0-0","0","1244",29728,1123,30851
"290","GER","Jan Choinski",21,"167",22,"0-0","0","1152",23498,1061,24559
"291","FRA","Geoffrey Blancaneaux",19,"167",29,"0-1","0","641",83838,3867,87705
"292","ESP","Roberto Ortega-Olmedo",26,"167",29,"0-0","0","243",25494,8638,34132
"293","GBR","Brydan Klein",27,"166",26,"1-3","0","138",102642,28361,131003
"294","EGY","Youssef Hossam",19,"165",26,"0-0","0","569",21244,2598,23842
"295","ECU","Roberto Quiroz",25,"163",20,"2-1","0","194",62856,8155,71011
"296","USA","Christopher Eubanks",21,"161",10,"2-3","0","261",97110,18115,115225
"297","TPE","Tsung-Hua Yang",26,"161",20,"0-0","0","411",21757,12712,34469
"298","FRA","Antoine Hoang",22,"161",24,"0-0","0","252",21156,6091,27247
"299","LTU","Laurynas Grigelis",26,"160",26,"3-2","0","262",27152,6840,33992
"300","CAN","Steven Diez",26,"160",27,"0-1","0","423",68448,4522,72970
"301","RUS","Ivan Nedelko",31,"160",36,"0-0","0","1000",27512,1830,29342
"302","NZL","Rubin Statham",30,"159",31,"1-4","0","266",31226,10342,41568
"303","ITA","Riccardo Bellotti",26,"158",24,"0-1","0","747",61153,2634,63787
"304","FRA","Alexandre Muller",20,"158",31,"0-1","0","566",60821,3144,63965
"305","CHN","Yibing Wu",18,"157",15,"1-2","0","310",59204,18084,77288
"306","ITA","Gianluigi Quinzi",21,"156",12,"1-1","0","1349",30601,432,31033
"307","AUS","James Duckworth",25,"155",3,"0-1","0","0",37490,0,37490
"308","TUR","Marsel Ilhan",30,"155",34,"3-2","0","0",30748,54,30802
"309","ARG","Pedro Cachin",22,"154",19,"0-0","0","384",22562,4773,27335
"310","SVK","Filip Horansky",24,"152",24,"0-0","0","637",23104,2465,25569
"311","AUS","Andrew Whittington",24,"151",18,"1-2","0","79",141295,83851,225146
"312","ESP","Bernabe Zapata Miralles",20,"151",32,"0-0","0","1083",28870,2543,31413
"313","GER","Daniel Brands",30,"149",17,"1-4","0","0",97964,0,97964
"314","CRO","Ante Pavic",28,"149",18,"0-1","0","293",26352,2779,29131
"315","POR","Frederico Ferreira Silva",22,"149",24,"2-1","0","602",24474,3352,27826
"316","SWE","Markus Eriksson",27,"149",25,"1-0","0","338",24580,5229,29809
"317","TPE","Ti Chen",34,"149",29,"0-1","0","166",45681,10735,56416
"318","ESP","Enrique Lopez-Perez",26,"146",26,"0-0","0","316",55729,5804,61533
"319","BEL","Yannick Mertens",30,"146",30,"0-0","0","485",29747,4468,34215
"320","ITA","Andrea Basso",24,"145",23,"0-0","0","607",21212,1978,23190
"321","RUS","Ivan Gakhov",21,"145",28,"0-0","0","219",26484,7969,34453
"322","AUS","Bradley Mousley",21,"144",22,"0-0","0","100",33107,49590,82697
"323","FRA","Stephane Robert",37,"143",23,"1-11","0","496",202154,13626,215780
"324","FRA","Axel Michon",26,"143",18,"0-0","0","907",20526,1488,22014
"325","ARG","Hernan Casanova",23,"143",24,"0-0","0","453",21069,4358,25427
"326","ITA","Alessandro Bega",26,"143",27,"0-1","0","394",28802,3357,32159
"327","AUT","Lucas Miedler",21,"142",22,"0-0","0","232",15986,8388,24374
"328","JPN","Hiroki Moriya",27,"142",26,"0-0","0","787",72674,3200,75874
"329","AUS","Marc Polmans",20,"141",25,"0-2","0","72",78191,99341,177532
"330","GER","Sebastian Fanselow",25,"140",19,"0-0","0","741",22041,3295,25336
"331","IND","Sumit Nagal",20,"138",19,"0-0","0","921",19286,1870,21156
"332","CRO","Nino Serdarusic",20,"138",30,"0-0","0","246",22085,6647,28732
"333","CRO","Ivan Dodig",32,"137",4,"3-2","0","5",82067,664630,746697
"334","CRO","Franko Skugor",30,"137",16,"2-5","0","41",49921,119759,169680
"335","BRA","Joao Pedro Sorgi",24,"137",21,"0-0","0","725",23503,3053,26556
"336","GER","Tim Puetz",29,"136",11,"0-0","0","162",20254,23368,43622
"337","CAN","Frank Dancevic",33,"135",13,"1-1","0","572",57529,6960,64489
"338","USA","Daniel Nguyen",27,"135",15,"0-0","0","494",29676,3489,33165
"339","USA","Raymond Sarmiento",25,"135",18,"0-0","0","832",36977,1550,38527
"340","UZB","Sanjar Fayziev",23,"135",22,"0-3","0","424",21302,4726,26028
"341","AUS","Jason Kubler",24,"134",12,"0-0","0","700",19737,2011,21748
"342","CHN","Zhizhen Zhang",21,"134",17,"3-1","0","272",42285,10294,52579
"343","SWE","Christian Lindell",25,"133",23,"2-0","0","498",20698,3355,24053
"344","AUS","Christopher O'Connell",23,"132",23,"0-2","0","701",63109,1755,64864
"345","ARG","Facundo Mena",25,"132",26,"0-0","0","305",17648,4797,22445
"346","USA","Rajeev Ram",33,"128",7,"2-2","0","22",69490,460530,530020
"347","CZE","Radek Stepanek",38,"127",3,"3-2","0","365",94064,24117,118181
"348","FRA","Maxime Hamou",22,"127",20,"0-1","0","1162",54909,1419,56328
"349","RUS","Evgeny Karlovskiy",23,"126",21,"0-0","0","495",18041,3919,21960
"350","IND","N.Sriram Balaji",27,"124",20,"0-0","0","139",20045,18832,38877
"351","ESP","Carlos Boluda-Purkiss",24,"124",22,"0-0","0","539",17139,3076,20215
"352","ESP","Marc Giner",26,"124",31,"0-0","0","462",19174,4420,23594
"353","JPN","Kaichi Uchida",23,"124",35,"0-0","0","391",22472,5161,27633
"354","CZE","Petr Michnev",28,"123",23,"0-0","0","653",33782,3558,37340
"355","JPN","Yosuke Watanuki",19,"122",18,"0-0","0","836",17886,1432,19318
"356","SRB","Miljan Zekic",29,"122",26,"1-2","0","0",59581,1695,61276
"357","GER","Marc Sieber",29,"122",26,"0-0","0","845",17131,1729,18860
"358","GBR","Edward Corrie",29,"120",20,"0-0","0","531",25552,2482,28034
"359","BUL","Alexandar Lazov",27,"120",22,"0-0","0","341",12978,5173,18151
"360","NED","Botic Van de Zandschulp",22,"119",22,"0-0","0","236",15168,6145,21313
"361","BEL","Christopher Heyman",24,"118",26,"0-0","0","745",18089,1981,20070
"362","SUI","Marco Chiudinelli",36,"117",22,"2-5","0","292",92614,14744,107358
"363","BLR","Dzmitry Zhyrmont",28,"117",23,"0-2","0","717",22039,3242,25281
"364","ESP","Daniel Gimeno-Traver",32,"116",12,"0-1","0","1031",32878,865,33743
"365","IRL","James McGee",30,"116",15,"0-0","0","0",69543,6125,75668
"366","JPN","Shuichi Sekiguchi",26,"116",24,"0-0","0","517",21446,4618,26064
"367","ARG","Juan Pablo Ficovich",20,"116",29,"0-0","0","574",17284,2552,19836
"368","FRA","Ugo Humbert",19,"115",29,"0-0","0","697",21302,2484,23786
"369","NED","Thiemo de Bakker",29,"114",12,"1-2","0","1468",14658,162,14820
"370","RSA","Nicolaas Scholtz",26,"114",21,"3-2","0","471",15008,2985,17993
"371","FRA","Albano Olivetti",25,"114",22,"0-0","0","192",16290,15655,31945
"372","ESP","Carlos Gomez-Herrera",27,"113",23,"0-0","0","390",13870,4127,17997
"373","CZE","Jan Satral",27,"113",26,"0-2","0","332",93086,4825,97911
"374","ARG","Juan Ignacio Londero",24,"111",22,"0-0","0","218",14708,9473,24181
"375","IRL","Sam Barry",25,"111",26,"0-0","0","775",17979,2610,20589
"376","BRA","Bruno Santanna",24,"111",27,"0-0","0","442",13134,4213,17347
"377","BLR","Yaraslav Shyla",24,"110",18,"1-1","0","217",14598,7119,21717
"378","JPN","Shintaro Imai",24,"110",22,"0-0","0","295",11019,5082,16101
"379","FRA","Constant Lestienne",25,"109",20,"0-0","0","405",29670,13206,42876
"380","BEL","Yannick Vandenbulcke",27,"109",22,"0-0","0","857",17280,1411,18691
"381","DOM","Jose Hernandez-Fernandez",27,"108",21,"2-2","0","482",29362,4569,33931
"382","ITA","Andrea Pellegrino",20,"108",23,"0-0","0","432",23357,5816,29173
"383","BUL","Dimitar Kuzmanov",24,"107",22,"0-1","0","548",19728,4229,23957
"384","COL","Alejandro Gonzalez",28,"106",13,"0-2","0","695",61949,3160,65109
"385","FRA","Gianni Mina",25,"106",18,"0-0","0","1597",10349,630,10979
"386","ESP","Gerard Granollers",28,"106",23,"0-0","0","353",18396,5502,23898
"387","JPN","Hiroyasu Ehara",26,"106",23,"0-0","0","581",14983,2975,17958
"388","AUT","Lenny Hampel",20,"106",28,"0-0","0","624",15999,2057,18056
"389","ARG","Maximo Gonzalez",34,"105",18,"1-1","0","132",63845,22988,86833
"390","BRA","Daniel Dutra da Silva",29,"105",19,"0-0","0","525",14733,3418,18151
"391","URU","Martin Cuevas",25,"105",22,"0-0","0","489",15842,3702,19544
"392","USA","Jared Hiltzik",23,"105",27,"0-0","0","763",24088,1771,25859
"393","ESP","Mario Vilella Martinez",22,"105",27,"0-0","0","331",18467,5539,24006
"394","UKR","Vladyslav Manafov",24,"105",28,"0-0","0","199",14735,9558,24293
"395","FRA","Enzo Couacaud",22,"104",10,"0-0","0","1337",5501,167,5668
"396","FRA","Fabien Reboul",22,"103",15,"0-0","0","399",12010,3285,15295
"397","AUS","Luke Saville",23,"103",20,"0-0","0","131",25195,26521,51716
"398","ITA","Adelchi Virgili",27,"103",24,"0-0","0","849",14764,1562,16326
"399","ARG","Juan Ignacio Galarza",23,"102",25,"0-0","0","404",12063,3014,15077
"400","ESP","Sergio Gutierrez-Ferrol",28,"101",17,"0-0","0","785",15930,2305,18235
"401","JPN","Sora Fukuda",20,"101",22,"0-0","0","570",13738,3323,17061
"402","JPN","Kento Takeuchi",29,"101",28,"0-0","0","689",16952,3457,20409
"403","GBR","Alexander Ward",27,"100",16,"0-1","0","1218",63225,450,63675
"404","COL","Alejandro Falla",33,"100",10,"1-1","0","1004",22400,1260,23660
"405","MON","Lucas Catarina",21,"100",28,"1-3","0","1171",17179,1167,18346
"406","ESP","Pol Toledo Bague",22,"98",23,"0-0","0","206",12022,7543,19565
"407","CZE","Michal Konecny",28,"97",24,"0-0","0","627",14609,3424,18033
"408","TUR","Altug Celikbilek",21,"97",25,"1-1","0","361",15630,7905,23535
"409","AUT","David Pichler",21,"96",27,"0-0","0","282",14002,4774,18776
"410","FRA","Maxime Janvier",21,"95",24,"0-0","0","904",49308,2660,51968
"411","AUS","Marinko Matosevic",32,"94",14,"0-0","0","1218",21858,480,22338
"412","GBR","Lloyd Glasspool",23,"93",15,"0-0","0","860",19695,1983,21678
"413","FRA","Elliot Benchetrit",19,"93",24,"0-0","0","819",15591,2044,17635
"414","USA","JC Aragone",22,"92",17,"0-1","0","795",59260,2032,61292
"415","ITA","Gianluca Mager",22,"92",19,"0-1","0","874",31850,2429,34279
"416","ARG","Juan Pablo Paz",22,"92",23,"0-0","0","371",18332,5485,23817
"417","GER","Kevin Krawietz",25,"91",13,"0-0","0","123",10120,27778,37898
"418","FRA","Yannick Jankovits",30,"91",21,"0-0","0","288",12479,5736,18215
"419","BEL","Clement Geens",21,"90",24,"0-0","0","610",14616,2809,17425
"420","ARG","Tomas Lipovsek Puches",24,"89",24,"0-0","0","230",11111,7030,18141
"421","IND","Sasi Kumar Mukund",20,"89",26,"0-0","0","1028",17737,2094,19831
"422","ECU","Gonzalo Escobar",28,"88",17,"1-1","0","257",12123,6797,18920
"423","ITA","Liam Caruana",19,"88",18,"0-0","0","954",12793,1596,14389
"424","FRA","Sadio Doumbia",27,"88",22,"0-0","0","406",22184,4672,26856
"425","POL","Michal Przysiezny",33,"87",7,"0-0","0","0",9908,323,10231
"426","ESP","Ruben Ramirez Hidalgo",39,"87",18,"0-0","0","670",32325,4178,36503
"427","USA","Ryan Shane",23,"87",20,"0-0","0","784",11832,2619,14451
"428","COL","Cristian Rodriguez",27,"87",21,"0-0","0","374",13522,4175,17697
"429","FRA","Antoine Escoffier",25,"87",24,"0-0","0","642",13887,2778,16665
"430","ITA","Filippo Baldi",21,"87",27,"0-0","0","302",12698,4211,16909
"431","NED","Boy Westerhof",32,"86",13,"0-0","0","294",12794,5030,17824
"432","NED","Scott Griekspoor",26,"86",16,"0-0","0","875",12511,1651,14162
"433","SRB","Marko Tepavac",23,"86",18,"0-1","0","752",27755,1167,28922
"434","AUT","Maximilian Neuchrist",26,"86",23,"0-0","0","238",9246,8076,17322
"435","ESP","Eduard Esteve Lobato",23,"85",17,"0-0","0","727",13703,2512,16215
"436","GER","Robin Kern",24,"85",19,"0-0","0","534",12862,3272,16134
"437","FRA","Hugo Grenier",21,"85",22,"0-0","0","1630",13713,672,14385
"438","ZIM","Takanyi Garanganga",27,"84",25,"0-0","0","1364",12279,700,12979
"439","FRA","Alexis Musialek",29,"84",26,"0-0","0","571",14223,3008,17231
"440","PER","Juan Pablo Varillas",22,"84",27,"0-2","0","880",11602,1779,13381
"441","ARG","Patricio Heras",28,"83",6,"0-0","0","806",10015,1594,11609
"442","FRA","Thomas Brechemier",21,"83",23,"0-0","0","1322",13051,2246,15297
"443","ESP","Guillermo Olaso",29,"82",9,"0-0","0","1349",11206,456,11662
"444","SWE","Mikael Ymer",19,"82",12,"2-5","0","492",58860,13157,72017
"445","USA","Dennis Nevolo",27,"82",16,"0-0","0","704",11732,2306,14038
"446","CRO","Mate Delic",24,"82",25,"0-0","0","0",12704,784,13488
"447","USA","Sekou Bangoura",25,"82",29,"0-1","0","223",48660,11378,60038
"448","AUT","Andreas Haider-Maurer",30,"81",9,"0-3","0","0",117807,15247,133054
"449","FRA","Laurent Lokoli",23,"81",16,"0-1","0","926",52795,2168,54963
"450","FRA","Baptiste Crepatte",23,"81",23,"0-0","0","913",12666,1626,14292
"451","ESP","David Perez Sanz",23,"81",23,"0-0","0","281",10881,5403,16284
"452","CHI","Gonzalo Lama",24,"80",14,"0-0","0","0",9600,108,9708
"453","CHN","Yan Bai",28,"80",21,"0-0","0","593",19468,5591,25059
"454","BEL","Yannik Reuter",26,"80",23,"0-0","0","1250",36279,1414,37693
"455","ITA","Lorenzo Frigerio",28,"80",25,"0-0","0","633",12465,3139,15604
"456","FRA","Maxime Chazal",24,"80",26,"0-0","0","436",15134,6236,21370
"457","ARG","Mariano Kestelboim",21,"80",27,"0-0","0","419",11101,3914,15015
"458","ESP","Jordi Samper-Montana",27,"80",31,"0-0","0","760",27655,1232,28887
"459","GER","Nils Langer",27,"79",10,"0-0","0","983",11551,770,12321
"460","ESP","Oriol Roca Batalla",24,"79",16,"0-0","0","521",11556,2787,14343
"461","ROU","Dragos Dima",25,"79",19,"0-1","0","1246",11922,878,12800
"462","FRA","Jules Okala",20,"79",22,"0-0","0","0",11969,1080,13049
"463","ITA","Alessandro Petrone",26,"79",26,"0-0","0","1139",11949,150,12099
"464","CZE","Jan Mertl",35,"78",21,"0-0","0","772",13381,3140,16521
"465","BRA","Pedro Sakamoto",24,"78",23,"0-0","0","665",9910,2868,12778
"466","FRA","Remi Boutillier",27,"77",15,"0-0","0","843",10245,1861,12106
"467","ESP","Alejandro Davidovich Fokina",18,"76",15,"0-0","0","1101",11300,610,11910
"468","ARG","Agustin Velotti",25,"76",19,"0-1","0","487",27518,3408,30926
"469","FRA","Corentin Denolly",20,"76",21,"0-0","0","614",12917,2723,15640
"470","JPN","Takuto Niki",30,"76",23,"0-0","0","315",19414,5861,25275
"471","POR","Fred Gil",32,"76",29,"0-0","0","265",12670,8370,21040
"472","ZIM","Benjamin Lock",24,"76",29,"0-0","0","304",11197,5489,16686
"473","ESP","Pablo Vivero Gonzalez",22,"76",29,"0-0","0","792",11867,2125,13992
"474","ECU","Ivan Endara",29,"75",20,"0-1","0","705",8562,2307,10869
"475","ITA","Riccardo Bonadio",24,"75",21,"0-0","0","579",13948,3159,17107
"476","CHN","Chuhan Wang",25,"75",23,"0-0","0","1050",19824,2610,22434
"477","NED","Niels Lootsma",23,"75",23,"0-0","0","326",7793,7325,15118
"478","FRA","Maxime Tabatruong",28,"75",25,"0-0","0","1124",14054,1844,15898
"479","AUT","Pascal Brunner",28,"74",19,"0-0","0","522",10685,2526,13211
"480","NOR","Viktor Durasovic",20,"74",31,"2-1","0","447",14234,3682,17916
"481","FRA","Samuel Bensoussan",25,"74",35,"0-0","0","681",12229,2994,15223
"482","FRA","Jonathan Eysseric",27,"73",21,"0-1","0","82",38566,62477,101043
"483","THA","Wishaya Trongcharoenchaikul",22,"73",22,"4-2","0","800",11465,2205,13670
"484","CZE","Tomas Papik",23,"73",23,"0-0","0","448",10158,3332,13490
"485","RUS","Dmitry Tursunov",34,"72",8,"1-5","0","0",174837,540,175377
"486","AUS","Aleksandar Vukic",21,"72",10,"0-0","0","1184",11500,820,12320
"487","FRA","Johan Tatlot",21,"72",12,"0-0","0","673",9650,1869,11519
"488","KOR","Cheong-Eui Kim",27,"72",19,"0-0","0","814",13910,3088,16998
"489","USA","Peter Kobelt",26,"72",19,"0-0","0","903",10726,780,11506
"490","ITA","Marco Bortolotti",26,"72",29,"0-0","0","354",13218,5015,18233
"491","ITA","Edoardo Eremin",24,"71",11,"0-0","0","1384",8727,520,9247
"492","BOL","Federico Zeballos",29,"71",23,"2-1","0","228",8220,6824,15044
"493","CHN","Fajing Sun",21,"71",24,"0-0","0","350",26999,9045,36044
"494","FRA","Gregoire Jacq",24,"71",24,"0-0","0","267",13561,13884,27445
"495","ARG","Genaro Alberto Olivieri",19,"71",24,"0-0","0","1597",9941,288,10229
"496","GER","Benjamin Becker",36,"70",9,"0-3","0","0",60768,0,60768
"497","AUT","Jurij Rodionov",18,"70",10,"0-0","0","1498",11057,258,11315
"498","AUS","Andrew Harris",23,"70",10,"0-0","0","1246",11830,1020,12850
"499","SVK","Alex Molcan",19,"70",15,"0-0","0","1439",11037,741,11778
"500","ITA","Fabrizio Ornago",25,"70",33,"0-0","0","847",12101,1683,13784
"501","GBR","Tom Farquharson",25,"68",12,"0-0","0","0",10094,144,10238
"502","AUS","Harry Bourchier",21,"68",27,"0-0","0","422",19726,5786,25512
"503","ROU","Adrian Ungur",32,"67",10,"1-1","0","693",9388,2095,11483
"504","GER","Elmar Ejupovic",24,"67",30,"0-0","0","1119",11401,1326,12727
"505","SUI","Yann Marti",29,"66",10,"0-0","0","0",5897,0,5897
"506","MAR","Lamine Ouahab",32,"66",12,"0-0","0","774",4823,1386,6209
"507","BRA","Andre Ghem",35,"66",13,"0-0","0","679",28853,3094,31947
"508","RUS","Alexander Kudryavtsev",32,"66",16,"0-0","0","264",23756,8801,32557
"509","SUI","Adrian Bodmer",22,"66",19,"0-0","0","364",14225,4094,18319
"510","ISR","Igor Smilansky",22,"66",21,"0-0","0","928",10444,1890,12334
"511","ARG","Matias Zukas",21,"66",22,"0-0","0","466",5333,2781,8114
"512","ARG","Franco Agamenone",24,"66",25,"0-0","0","210",8567,7673,16240
"513","AUT","Thomas Statzberger",25,"66",27,"0-0","0","707",11085,2691,13776
"514","ITA","Cristian Carli",21,"66",33,"0-0","0","461",13357,3941,17298
"515","GBR","Marcus Willis",27,"65",12,"0-0","0","224",28233,19852,48085
"516","IND","Vishnu Vardhan",30,"65",17,"0-0","0","118",14437,24491,38928
"517","HUN","Peter Nagy",25,"65",19,"0-0","0","645",11088,2553,13641
"518","UKR","Artem Smirnov",29,"64",14,"0-2","0","381",10832,4612,15444
"519","COL","Felipe Mantilla",24,"64",21,"0-0","0","671",9983,2778,12761
"520","BEL","Jonas Merckx",24,"64",21,"0-0","0","636",8281,2040,10321
"521","SUI","Adrien Bossel",30,"64",23,"0-1","0","1009",12372,970,13342
"522","SWE","Jonathan Mridha",22,"62",17,"0-0","0","924",9593,1408,11001
"523","NED","Gijs Brouwer",21,"62",21,"0-0","0","639",10160,2525,12685
"524","CAN","Samuel Monette",23,"61",12,"0-0","0","638",12646,3703,16349
"525","RUS","Roman Safiullin",20,"61",12,"0-1","0","1234",14007,624,14631
"526","KOR","Yunseong Chung",19,"61",19,"0-0","0","623",10492,1696,12188
"527","TUN","Moez Echargui",24,"61",30,"2-0","0","719",11535,2118,13653
"528","COL","Alejandro Gomez",26,"60",7,"0-0","0","567",3540,810,4350
"529","BRA","Joao Menezes",20,"60",18,"0-0","0","668",9602,1952,11554
"530","UZB","Temur Ismailov",22,"60",24,"1-1","0","1035",9198,2424,11622
"531","CZE","Vit Kopriva",20,"60",24,"0-0","0","478",9000,3288,12288
"532","RUS","Alexander Vasilenko",22,"59",19,"0-0","0","748",10768,1605,12373
"533","IND","Sidharth Rawat",24,"59",21,"0-0","0","1681",10484,1164,11648
"534","EST","Vladimir Ivanov",30,"59",22,"2-1","0","526",8701,3176,11877
"535","FRA","Mick Lescure",24,"59",24,"0-0","0","440",8667,4152,12819
"536","KAZ","Denis Yevseyev",24,"59",28,"0-0","0","672",11967,3198,15165
"537","ESP","Miguel Semmler",20,"59",31,"0-0","0","473",13158,3788,16946
"538","POL","Pawel Cias",23,"58",11,"0-0","0","1164",8471,1273,9744
"539","GER","Marvin Netuschil",26,"58",11,"0-0","0","796",9098,1745,10843
"540","BEL","Niels Desein",30,"58",16,"0-0","0","530",9214,2734,11948
"541","JPN","Makoto Ochi",21,"58",22,"0-0","0","1464",9188,992,10180
"542","RUS","Pavel Kotov",18,"57",15,"0-0","0","1170",8478,906,9384
"543","VIE","Nam Hoang Ly",20,"57",20,"2-0","0","592",9117,2497,11614
"544","GER","Tobias Simon",26,"57",28,"0-0","0","1115",11757,1096,12853
"545","USA","Evan Song",25,"57",29,"0-0","0","699",11238,3006,14244
"546","FRA","Jonathan Kanar",23,"57",29,"0-0","0","337",9996,4734,14730
"547","USA","Thai-Son Kwiatkowski",22,"56",12,"0-2","0","416",63184,3699,66883
"548","BEL","Maxime Authom",30,"56",14,"0-0","0","771",9165,2403,11568
"549","BRA","Caio Zampieri",31,"56",15,"0-0","0","216",10192,7145,17337
"550","NED","Igor Sijsling",30,"56",17,"0-0","0","859",26830,1976,28806
"551","MNE","Ljubomir Celebic",26,"56",19,"0-0","0","933",9335,1467,10802
"552","UKR","Danylo Kalenichenko",23,"56",24,"0-0","0","643",9593,3186,12779
"553","GER","Julian Lenz",24,"55",13,"0-0","0","842",9408,1146,10554
"554","ARG","Matias Franco Descotte",23,"55",23,"0-0","0","387",8343,3938,12281
"555","GER","Pascal Meis",24,"55",28,"0-0","0","549",10949,3720,14669
"556","JPN","Naoki Nakagawa",20,"55",28,"0-0","0","1106",10477,1264,11741
"557","ITA","Omar Giacalone",25,"54",23,"0-0","0","375",10111,4586,14697
"558","BRA","Nicolas Santos",29,"54",29,"0-0","0","443",7739,2894,10633
"559","UKR","Denys Molchanov",30,"53",11,"0-0","0","122",8598,25051,33649
"560","NZL","Finn Tearney",27,"53",15,"0-3","0","863",13804,2431,16235
"561","ITA","Pietro Rondoni",24,"53",17,"0-0","0","865",10165,2278,12443
"562","POL","Maciej Rajski",26,"53",20,"0-0","0","1618",8986,432,9418
"563","ISR","Mor Bulis",21,"53",21,"0-1","0","674",8142,1986,10128
"564","NED","Jelle Sels",22,"53",22,"0-0","0","597",9834,2795,12629
"565","CZE","Robin Stanek",22,"53",30,"0-0","0","500",11430,3463,14893
"566","POR","Nuno Borges",20,"52",7,"0-0","0","781",7286,1658,8944
"567","GBR","Luke Bambridge",22,"52",12,"0-0","0","129",9244,19484,28728
"568","USA","Eric Quigley",28,"52",14,"0-0","0","533",9928,2922,12850
"569","ITA","Andrea Vavassori",22,"52",27,"0-0","0","211",11890,10011,21901
"570","AUS","Matthew Barton",25,"51",6,"1-1","0","552",14805,10572,25377
"571","SLO","Grega Zemlja",31,"51",7,"2-1","0","0",30789,450,31239
"572","RUS","Evgeny Tyurnev",20,"51",14,"0-1","0","481",17499,3739,21238
"573","TPE","Tung-Lin Wu",19,"51",19,"1-1","0","1022",11199,2226,13425
"574","ESP","Andres Artunedo Martinavarro",24,"51",20,"0-0","0","1498",8718,216,8934
"575","USA","Nicholas S. Hu",23,"51",26,"0-0","0","475",9614,3304,12918
"576","NED","Colin Van Beem",25,"51",29,"0-0","0","480",8934,2703,11637
"577","ITA","Gianluca Di Nicola",21,"50",19,"0-0","0","590",10083,3063,13146
"578","BRA","Fernando Romboli",28,"50",22,"0-0","0","244",6288,5963,12251
"579","ESP","David Vega Hernandez",23,"50",25,"0-0","0","173",10227,12024,22251
"580","AUS","Jacob Grills",22,"49",10,"0-0","0","0",8307,540,8847
"581","GER","Peter Torebko",29,"49",17,"0-0","0","467",8828,3989,12817
"582","POL","Andriej Kapas",28,"49",17,"0-0","0","1262",8329,1227,9556
"583","GER","Sami Reinwein",25,"49",22,"0-0","0","527",8777,3568,12345
"584","MKD","Tomislav Jotovski",27,"49",26,"0-0","0","1029",9307,2180,11487
"585","KAZ","Andrey Golubev",30,"48",6,"0-0","0","372",12896,4714,17610
"586","COL","Juan Sebastian Gomez",25,"48",11,"0-0","0","758",3266,1649,4915
"587","KOR","Hong Chung",24,"48",11,"0-0","0","622",8183,1956,10139
"588","BEL","Jeroen Vanneste",23,"48",14,"0-0","0","486",7370,2811,10181
"589","BEL","Romain Barbosa",23,"48",18,"0-0","0","1090",5778,1110,6888
"590","TPE","Kuan-Yi Lee",21,"48",18,"0-1","0","1081",9936,1832,11768
"591","LAT","Martins Podzus",23,"48",19,"1-2","0","0",8909,900,9809
"592","FRA","Evan Furness",19,"48",21,"0-0","0","0",10308,1575,11883
"593","ISR","Ben Patael",20,"48",25,"0-0","0","0",8457,204,8661
"594","USA","Ulises Blanch",19,"47",20,"0-0","0","1552",10355,306,10661
"595","USA","Alexios Halebian",23,"47",22,"0-1","0","640",14039,2575,16614
"596","BRA","Oscar Jose Gutierrez",24,"47",22,"0-0","0","449",6221,2406,8627
"597","ITA","Pietro Licciardi",23,"47",23,"0-0","0","583",9737,3491,13228
"598","GBR","Neil Pauffley",27,"47",24,"0-0","0","778",12910,1833,14743
"599","IND","Karunuday Singh",26,"47",28,"0-0","0","507",10236,3484,13720
"600","BRA","Orlando Luz",19,"46",9,"0-1","0","458",9644,2061,11705
"601","DEN","Frederik Nielsen",34,"46",13,"5-1","0","249",6045,7162,13207
"602","AUS","Gavin Van Peperzeel",25,"46",17,"0-0","0","359",13035,4535,17570
"603","GER","Rudolf Molleker",17,"46",19,"0-1","0","1164",19160,1303,20463
"604","SVK","Patrik Nema",20,"46",21,"0-0","0","935",8596,1952,10548
"605","RUS","Yan Sabanin",27,"46",22,"0-0","0","915",7536,1968,9504
"606","COL","Eduardo Struvay",26,"45",8,"0-1","0","1003",6331,636,6967
"607","CRO","Kristijan Mesaros",29,"45",8,"0-0","0","0",15654,54,15708
"608","ROU","Nicolae Frunza",19,"45",11,"0-1","0","715",7446,1998,9444
"609","USA","Alex Rybakov",20,"45",11,"0-0","0","812",7576,1342,8918
"610","JPN","Yuya Kibi",31,"45",16,"0-0","0","385",21066,4370,25436
"611","CHN","Yecong He",23,"45",18,"0-0","0","585",11119,3555,14674
"612","JPN","Renta Tokuda",19,"45",18,"0-0","0","654",7919,2902,10821
"613","USA","William Blumberg",19,"44",4,"0-0","0","0",15795,8430,24225
"614","DOM","Roberto Cid Subervi",24,"44",8,"0-1","0","920",7578,1729,9307
"615","USA","Deiton Baughman",21,"44",9,"0-0","0","544",8268,3300,11568
"616","COL","Juan Manuel Benitez Chavarriaga",22,"44",11,"0-0","0","736",5235,1146,6381
"617","CHI","Bastian Malla",21,"44",17,"0-0","0","1665",3204,570,3774
"618","AUT","Gibril Diarra",27,"44",27,"0-0","0","1681",9068,1270,10338
"619","JPN","Sho Katayama",28,"43",13,"0-0","0","483",7114,3268,10382
"620","SRB","Nikola Cacic",26,"43",18,"0-0","0","325",7801,5351,13152
"621","CHN","Xin Gao",23,"43",19,"0-0","0","226",13028,9268,22296
"622","RUS","Alexander Zhurbin",25,"43",22,"0-0","0","941",7686,1368,9054
"623","ISR","Dekel Bar",24,"43",24,"0-0","0","503",7770,3403,11173
"624","ITA","Raul Brancaccio",20,"43",27,"0-0","0","648",7934,3125,11059
"625","GER","Benjamin Hassan",22,"42",13,"0-0","0","0",7174,683,7857
"626","IND","N Vijay Sundar Prashanth",31,"42",16,"0-0","0","255",9405,6825,16230
"627","BRA","Rafael Matos",21,"42",17,"0-0","0","408",7161,3792,10953
"628","FRA","Leny Mitjana",23,"42",18,"0-0","0","1214",6615,1170,7785
"629","UKR","Marat Deviatiarov",23,"42",20,"0-0","0","347",5873,3731,9604
"630","SVK","Lukas Klein",19,"42",22,"0-0","0","937",8376,1964,10340
"631","ARG","Dante Gennaro",24,"42",23,"0-0","0","820",7594,1885,9479
"632","ITA","Davide Galoppini",23,"42",31,"0-0","0","939",9172,1594,10766
"633","UKR","Denys Mylokostov",24,"41",17,"0-0","0","1641",4960,546,5506
"634","ECU","Emilio Gomez",25,"41",17,"1-2","0","756",14151,2214,16365
"635","GUA","Christopher Diaz-Figueroa",27,"41",21,"1-3","0","510",6970,3395,10365
"636","MEX","Manuel Sanchez",26,"40",13,"4-1","0","459",16166,5768,21934
"637","ITA","Roberto Marcora",28,"40",15,"0-1","0","1414",12698,162,12860
"638","CHI","Laslo Urrutia Fuentes",27,"40",18,"0-0","0","1174",3698,1110,4808
"639","USA","Nathan Pasha",25,"40",20,"0-0","0","286",7924,6705,14629
"640","FRA","Gregoire Barrere",23,"40",25,"0-1","0","407",22079,10427,32506
"641","ARG","Franco Emanuel Egea",21,"40",25,"0-0","0","810",6004,1662,7666
"642","HUN","Zsombor Piros",18,"39",9,"0-0","0","1552",7717,514,8231
"643","USA","Ronnie Schneider",23,"39",12,"0-0","0","577",7270,2735,10005
"644","ROU","Vasile Antonescu",27,"39",20,"0-0","0","420",7791,4027,11818
"645","ITA","Francesco Vilardo",27,"39",34,"0-0","0","692",8972,2962,11934
"646","FRA","Hugo Nys",26,"38",9,"0-0","0","91",9957,77156,87113
"647","RUS","Ilya Vasilyev",21,"38",24,"0-0","0","973",8425,2056,10481
"648","CZE","Michal Schmid",28,"38",25,"0-0","0","1050",4723,1218,5941
"649","IRL","Peter Bothwell",22,"38",26,"0-0","0","499",5659,2956,8615
"650","GER","Jonas Luetjen",27,"37",9,"0-0","0","754",3146,1312,4458
"651","RUS","Ronald Slobodchikov",23,"37",14,"0-0","0","1297",6103,732,6835
"652","GBR","Richard Gabb",25,"37",15,"0-0","0","684",5827,2016,7843
"653","UZB","Jurabek Karimov",19,"37",16,"0-0","0","1173",9124,1921,11045
"654","CZE","Marek Gengel",22,"37",23,"0-0","0","541",7766,3613,11379
"655","GBR","Jonathan Gray",20,"36",23,"0-0","0","892",7404,1572,8976
"656","GER","Paul Woerner",21,"36",23,"0-0","0","1654",7958,930,8888
"657","USA","Shane Vinsant",24,"36",25,"0-0","0","646",6865,3583,10448
"658","RUS","Alexander Igoshin",25,"36",28,"0-0","0","575",6619,2997,9616
"659","GER","Christoph Negritu",23,"36",28,"0-0","0","587",7197,2493,9690
"660","JPN","Yuki Mochizuki",19,"35",6,"0-0","0","975",4859,806,5665
"661","TPE","Cheng-Yu Yu",22,"35",16,"0-1","0","891",5972,2575,8547
"662","ITA","Walter Trusendi",32,"35",20,"0-0","0","250",9831,7410,17241
"663","CHI","Alejandro Tabilo",20,"35",23,"0-0","0","512",4052,3034,7086
"664","GER","Lukas Ollert",24,"35",26,"0-0","0","767",6635,2291,8926
"665","USA","Jeffrey John Wolf",18,"34",2,"0-0","0","0",12890,270,13160
"666","KOR","Young Seok Kim",22,"34",8,"0-0","0","1012",5203,1065,6268
"667","POR","Andre Gaspar Murta",23,"34",14,"0-0","0","1064",5488,984,6472
"668","GER","Louis Wessels",19,"34",16,"0-0","0","888",10755,1679,12434
"669","SWE","Fred Simonsson",22,"34",17,"0-0","0","352",9855,5571,15426
"670","CHI","Cristobal Saavedra-Corvalan",27,"34",18,"0-0","0","629",3897,2025,5922
"671","IND","Haadin Salim Bava",22,"34",18,"0-0","0","1093",6220,1186,7406
"672","FRA","Florent Diep",26,"34",22,"0-0","0","974",9100,2076,11176
"673","RUS","Markos Kalovelonis",23,"34",27,"0-0","0","542",7597,3501,11098
"674","UKR","Olexiy Kolisnyk",21,"34",31,"0-0","0","429",8723,4121,12844
"675","CHI","Marcelo Tomas Barrios Vera",19,"33",12,"1-0","0","445",4486,2015,6501
"676","NED","Miliaan Niesten",29,"33",12,"0-0","0","1103",5837,1197,7034
"677","GER","George Von Massow",27,"33",18,"0-0","0","718",7813,3077,10890
"678","FRA","Yanais Laurent",25,"33",21,"0-0","0","463",7624,4307,11931
"679","SUI","Raphael Baltensperger",19,"33",21,"0-0","0","1171",7307,1267,8574
"680","ITA","Riccardo Balzerani",19,"33",21,"0-0","0","852",8513,1301,9814
"681","SRB","Milan Drinic",20,"33",22,"0-0","0","1665",6318,816,7134
"682","GER","Christian Hirschmueller",24,"33",22,"0-0","0","1209",5948,924,6872
"683","TUR","Anil Yuksel",27,"33",23,"0-2","0","474",21522,4644,26166
"684","ESP","Javier Barranco Cosano",18,"33",27,"0-0","0","658",9698,3193,12891
"685","TUN","Anis Ghorbel",28,"33",27,"0-0","0","317",8120,5874,13994
"686","KOR","Yong-Kyu Lim",26,"32",6,"0-0","0","783",1110,885,1995
"687","BRA","Fabiano De Paula",28,"32",8,"0-0","0","146",4766,13331,18097
"688","GER","Marvin Moeller",18,"32",11,"0-0","0","1007",5401,519,5920
"689","DOM","Jose Olivares",20,"32",19,"0-2","0","698",4022,1805,5827
"690","JPN","Ken Onishi",21,"32",22,"0-0","0","1297",5436,786,6222
"691","ESP","David Jorda Sanchis",23,"32",23,"0-0","0","809",8011,2642,10653
"692","BRA","Wilson Leite",26,"32",27,"0-0","0","513",8898,3997,12895
"693","CZE","David Poljak",21,"32",29,"0-0","0","676",7544,3026,10570
"694","AUS","Blake Ellis",18,"31",10,"0-0","0","862",6699,2025,8724
"695","USA","Henry Craig",23,"31",11,"0-0","0","979",6308,1722,8030
"696","USA","Wil Spencer",28,"31",12,"0-0","0","0",5525,1080,6605
"697","IND","Aryan Goveas",19,"31",23,"0-0","0","1700",6192,1518,7710
"698","ITA","Antonio Massara",22,"31",26,"0-0","0","721",7185,2330,9515
"699","USA","Hunter Callahan",24,"31",26,"0-0","0","388",6409,4262,10671
"700","GBR","Oliver Golding",24,"30",5,"0-0","0","1264",4104,324,4428
"701","MAR","Amine Ahouda",20,"30",9,"2-3","0","0",10699,1558,12257
"702","ESP","Alvaro Lopez San Martin",20,"30",10,"0-0","0","1100",2383,612,2995
"703","CZE","Jaroslav Pospisil",36,"30",12,"0-0","0","740",5389,2164,7553
"704","GBR","Ryan James Storrie",19,"30",14,"0-0","0","1391",11492,804,12296
"705","ITA","Claudio Fortuna",27,"30",16,"0-0","0","0",4545,558,5103
"706","PER","Mauricio Echazu",28,"30",18,"1-2","0","518",5336,2865,8201
"707","ESP","Juan Lizariturry",26,"30",21,"0-0","0","506",8162,3516,11678
"708","BRA","Marcelo Zormann",21,"30",24,"0-0","0","357",6358,4287,10645
"709","SUI","Antoine Bellier",21,"30",26,"0-2","0","626",14492,4204,18696
"710","GBR","Billy Harris",22,"30",29,"0-0","0","914",7116,2397,9513
"711","ESP","Jaume Pla Malfeito",22,"30",34,"0-0","0","349",10027,5539,15566
"712","URU","Marcel Felder",33,"29",9,"0-0","0","346",4098,5352,9450
"713","AUS","Alexei Popyrin",18,"29",12,"0-0","0","0",8556,1050,9606
"714","ITA","Gian Marco Moroni",19,"29",14,"0-0","0","591",6103,2924,9027
"715","KAZ","Roman Khassanov",21,"29",19,"0-0","0","1216",8028,2256,10284
"716","JPN","Ryusei Makiguchi",26,"29",19,"0-0","0","1311",3521,606,4127
"717","BIH","Nerman Fatic",23,"29",22,"0-0","0","850",6345,1971,8316
"718","JPN","Jumpei Yamasaki",20,"29",22,"0-0","0","1027",5407,1464,6871
"719","ITA","Jacopo Stefanini",21,"29",26,"0-0","0","439",8965,4519,13484
"720","UKR","Yurii Dzhavakian",24,"29",29,"0-0","0","1099",5627,1894,7521
"721","ITA","Erik Crepaldi",27,"29",29,"0-0","0","380",9147,5579,14726
"722","SWE","Gustav Hansson",22,"28",3,"0-0","0","917",4118,1135,5253
"723","RSA","Ruan Roelofse",27,"28",3,"0-0","0","149",4530,14197,18727
"724","USA","Martin Redlicki",22,"28",9,"0-0","0","1005",5594,1270,6864
"725","AUT","Matthias Haim",19,"28",10,"0-0","0","798",5094,1753,6847
"726","RUS","Vitaly Kozyukov",23,"28",12,"0-0","0","1448",4305,294,4599
"727","BEL","Julien Dubail",29,"28",15,"0-0","0","961",5467,1263,6730
"728","BUL","Alexandar Lazarov",20,"28",17,"0-1","0","1062",10461,949,11410
"729","ITA","Julian Ocleppo",20,"28",18,"0-0","0","312",7953,5653,13606
"730","USA","Adam El Mihdawy",28,"28",18,"0-0","0","982",6254,1894,8148
"731","GER","Dominik Boehler",21,"28",22,"0-0","0","0",6458,300,6758
"732","POL","Michal Dembek",20,"28",23,"0-0","0","505",7318,4163,11481
"733","USA","Cameron Silverman",25,"28",24,"0-0","0","667",6337,2322,8659
"734","JPN","Masato Shiga",26,"28",27,"0-0","0","644",8571,3015,11586
"735","BRA","Karue Sell",23,"27",5,"0-0","0","1057",4278,627,4905
"736","MAR","Reda El Amrani",29,"27",6,"4-2","0","0",10707,1478,12185
"737","JPN","Kaito Uesugi",22,"27",6,"0-0","0","651",4457,1443,5900
"738","DEN","Mikael Torpegaard",23,"27",8,"0-0","0","454",6033,2220,8253
"739","NED","Michiel De Krom",19,"27",19,"0-0","0","656",6228,2840,9068
"740","AUS","Benjamin Mitchell",24,"26",6,"0-0","0","1076",4830,1020,5850
"741","ISR","Or Ram-Harel",22,"26",6,"0-0","0","1435",5170,540,5710
"742","COL","Carlos Salamanca",34,"26",7,"0-0","0","504",3360,1274,4634
"743","POL","Adam Chadaj",33,"26",9,"0-0","0","1279",4328,526,4854
"744","KOR","Jea Moon Lee",24,"26",10,"0-1","0","434",3553,3111,6664
"745","CAN","Philip Bester",29,"26",12,"0-0","0","476",14061,5589,19650
"746","SUI","Marc-Andrea Huesler",21,"26",17,"0-0","0","403",8509,10928,19437
"747","RUS","Kirill Kivattsev",20,"26",19,"0-0","0","880",5880,2031,7911
"748","ITA","Filippo Leonardi",29,"26",21,"0-0","0","766",6907,2361,9268
"749","POR","Bernardo Saraiva",24,"26",23,"0-0","0","327",4718,4593,9311
"750","CHI","Jorge Montero",27,"26",24,"0-0","0","425",6224,3443,9667
"751","EGY","Issam Haitham Taweel",28,"26",30,"0-0","0","468",7170,3774,10944
"752","GER","Andre Begemann",33,"25",1,"0-0","0","94",3650,87238,90888
"753","ISR","Amir Weintraub",31,"25",5,"0-0","0","1181",5418,180,5598
"754","NED","Stephan Fransen",29,"25",6,"0-0","0","1110",3592,892,4484
"755","RUS","Aslan Karatsev",24,"25",7,"0-0","0","811",6163,3140,9303
"756","USA","Sam Riffice",18,"25",11,"0-0","0","1364",4114,420,4534
"757","GBR","Jonny O'Mara",22,"25",13,"0-0","0","152",2214,21201,23415
"758","PHI","Francis Casey Alcantara",25,"25",16,"0-0","0","333",3876,5365,9241
"759","RUS","Mikhail Fufygin",27,"25",18,"0-0","0","710",5582,2404,7986
"760","ROU","Petru-Alexandru Luncanu",28,"25",20,"0-0","0","451",5600,3019,8619
"761","BRA","Igor Marcondes",20,"25",21,"0-0","0","613",4559,2292,6851
"762","FRA","Manuel Guinard",21,"25",23,"0-0","0","1074",6393,1724,8117
"763","ESP","Jaime Fermosell Delgado",19,"25",24,"0-0","0","1056",7698,1973,9671
"764","ESP","Pere Riba",29,"24",4,"0-0","0","0",5013,96,5109
"765","SWE","Carl Soderlund",20,"24",6,"0-0","0","0",4473,346,4819
"766","USA","Collin Altamirano",21,"24",6,"0-0","0","1574",4071,526,4597
"767","IND","Arjun Kadhe",23,"24",6,"0-0","0","985",3528,960,4488
"768","KOR","Tae-Woo Lee",25,"24",7,"0-0","0","884",3810,1343,5153
"769","RUS","Artur Shakhnubaryan",21,"24",10,"0-0","0","1574",4350,616,4966
"770","BRA","Jordan Correia",20,"24",15,"0-0","0","1147",3544,681,4225
"771","NED","Kevin Griekspoor",26,"24",17,"0-0","0","835",4782,1551,6333
"772","UKR","Vadym Ursu",20,"24",20,"0-0","0","647",6326,2797,9123
"773","BEL","Omar Salman",21,"24",23,"0-0","0","868",5597,1662,7259
"774","ARG","Santiago Fa Rodriguez Taverna",18,"24",23,"0-0","0","896",5627,1805,7432
"775","CHI","Juan Carlos Saez",26,"24",24,"0-0","0","479",5719,3198,8917
"776","UKR","Volodoymyr Uzhylovskyi",29,"24",32,"0-0","0","213",6813,8191,15004
"777","BRA","Jose Pereira",26,"23",8,"0-0","0","455",3244,2628,5872
"778","THA","Pruchya Isarow",22,"23",9,"0-0","0","608",2931,1770,4701
"779","KOR","Seong-chan Hong",20,"23",14,"0-2","0","1041",7549,1086,8635
"780","RUS","Shalva Dzhanashia",25,"23",15,"0-0","0","1699",3376,978,4354
"781","AUS","Jeremy Beale",23,"23",16,"0-0","0","1121",5146,1778,6924
"782","CAN","Benjamin Sigouin",18,"23",16,"0-0","0","1458",9903,1286,11189
"783","KAZ","Timur Khabibulin",22,"23",18,"0-0","0","220",5384,7012,12396
"784","UKR","Oleg Khotkov",27,"23",36,"0-0","0","943",6573,1956,8529
"785","RUS","Anton Zaitcev",30,"22",6,"0-0","0","1359",3213,516,3729
"786","SUI","Luca Margaroli",25,"22",15,"0-0","0","159",5276,19222,24498
"787","TUN","Aziz Dougaz",20,"22",17,"0-3","0","632",5210,2362,7572
"788","POL","Maciej Smola",24,"22",17,"0-0","0","435",3965,2998,6963
"789","ARG","Manuel Pena Lopez",19,"22",18,"0-0","0","682",5684,1944,7628
"790","ARG","Camilo Ugo Carabelli",18,"22",18,"0-0","0","765",3502,1227,4729
"791","GER","Sebastian Prechtel",21,"22",19,"0-0","0","1681",4554,636,5190
"792","HUN","Viktor Filipenko",26,"22",20,"0-0","0","720",4948,2507,7455
"793","CZE","Dominik Kellovsky",21,"22",22,"0-0","0","540",5227,3566,8793
"794","ITA","Nicola Ghedin",29,"22",22,"0-0","0","0",5884,786,6670
"795","GER","Florian Fallert",25,"22",24,"0-0","0","877",6373,1923,8296
"796","USA","Raleigh Smith",26,"22",25,"0-0","0","628",5520,2352,7872
"797","USA","Brian Baker",32,"21",4,"0-0","0","43",10003,157556,167559
"798","FIN","Harri Heliovaara",28,"21",5,"2-0","0","856",3168,1092,4260
"799","JPN","Yusuke Watanuki",27,"21",12,"0-0","0","662",4465,1914,6379
"800","BEL","Germain Gigounon",28,"21",17,"0-0","0","963",4606,1248,5854
"801","ROU","Bogdan Borza",20,"21",19,"0-2","0","1205",5582,1238,6820
"802","KGZ","Daniiar Duldaev",25,"21",20,"0-0","0","815",5976,3045,9021
"803","RUS","Bogdan Bobrov",20,"21",22,"0-0","0","769",5870,2527,8397
"804","ARG","Gonzalo Villanueva",22,"21",24,"0-0","0","801",4643,2477,7120
"805","ESP","Sergio Martos Gornes",23,"21",24,"0-0","0","239",6444,8604,15048
"806","FRA","Edouard Roger-Vasselin",33,"20",1,"0-0","0","26",0,353534,353534
"807","ECU","Giovanni Lapentti",34,"20",2,"1-1","0","0",8386,1353,9739
"808","CRO","Nikola Mektic",28,"20",3,"0-2","0","32",8585,253186,261771
"809","","Patrik Rikl",18,"20",8,"0-0","0","1349",5161,884,6045
"810","ARG","Felipe Martinez Sarrasague",20,"20",8,"0-0","0","1041",3619,996,4615
"811","INA","Christopher Rungkat",27,"20",8,"2-0","0","119",4388,19363,23751
"812","NED","Antal Van Der Duim",30,"20",8,"0-0","0","976",3776,1044,4820
"813","CHN","Zihao Xia",20,"20",11,"0-0","0","696",11035,3090,14125
"814","SWE","Patrik Brydolf",25,"20",14,"0-0","0","965",4998,1488,6486
"815","CHN","Rigele Te",20,"20",17,"0-0","0","958",16052,5407,21459
"816","RUS","Denis Matsukevich",31,"20",17,"0-0","0","360",7629,4948,12577
"817","SWE","Daniel Appelgren",21,"20",17,"0-0","0","966",5273,1857,7130
"818","GER","Julian Onken",29,"20",18,"0-0","0","988",3237,774,4011
"819","CRO","Duje Kekez",24,"20",18,"0-0","0","0",5431,966,6397
"820","FRA","Thomas Setodji",22,"20",18,"0-0","0","1052",4894,1936,6830
"821","SRB","Dejan Katic",29,"20",20,"0-0","0","1681",5301,906,6207
"822","VEN","Ricardo Rodriguez - Pace",24,"20",21,"2-2","0","1693",6859,1706,8565
"823","FRA","Sebastien Boltz",24,"20",21,"0-0","0","1070",6191,1535,7726
"824","CRO","Domagoj Biljesko",20,"20",22,"0-0","0","528",4944,2655,7599
"825","POR","Nuno Deus",22,"20",27,"0-0","0","355",5864,5019,10883
"826","ESP","Jose Fco. Vidal Azorin",24,"20",31,"0-0","0","1324",6220,2028,8248
"827","USA","Ryan Haviland",36,"19",6,"0-0","0","0",3686,0,3686
"828","KOR","Min-Kyu Song",27,"19",6,"0-0","0","1038",2829,906,3735
"829","CRO","Borna Gojo",19,"19",8,"0-0","0","1146",3681,520,4201
"830","ISR","Tal Goldengoren",21,"19",11,"0-0","0","0",2433,0,2433
"831","AUT","Alexander Erler",20,"19",11,"0-0","0","683",3883,1992,5875
"832","SLO","Nik Razborsek",24,"19",12,"0-0","0","1013",4140,1143,5283
"833","GER","Lukas Ruepke",24,"19",13,"0-0","0","1384",3925,672,4597
"834","SLO","Tom Kocevar-Desman",27,"19",14,"0-0","0","854",4544,1520,6064
"835","FRA","Pierre Faivre",21,"19",16,"0-0","0","1306",4475,1020,5495
"836","FRA","Gabriel Petit",22,"19",16,"0-0","0","992",4747,1617,6364
"837","MNE","Rrezart Cungu",19,"19",17,"0-0","0","992",4376,1347,5723
"838","ESP","Jaime Pulgar-Garcia",28,"19",17,"0-0","0","578",5257,2928,8185
"839","AUS","Jake Delaney",20,"19",19,"0-0","0","887",5035,2408,7443
"840","AUS","Thomas Fancutt",22,"19",19,"0-0","0","893",6119,2233,8352
"841","BRA","Ricardo Hocevar",32,"19",20,"0-0","0","1120",5262,1170,6432
"842","ITA","Nicolo Turchetti",21,"19",22,"0-0","0","1097",5357,1404,6761
"843","SWE","Dragos Nicolae Madaras",20,"19",22,"0-0","0","620",5664,3230,8894
"844","RUS","Mikhail Korovin",21,"19",24,"0-0","0","1408",5865,1396,7261
"845","TPE","Jui-Chen Hung",27,"19",26,"0-0","0","584",5134,4340,9474
"846","BRA","Caio Silva",26,"19",27,"0-0","0","433",4504,3510,8014
"847","RUS","Mikhail Elgin",36,"18",3,"0-0","0","85",6270,62546,68816
"848T","FRA","Tristan Meraut",21,"18",4,"0-0","0","0",2732,90,2822
"848T","GBR","James Ward",30,"18",4,"0-2","0","0",67537,450,67987
"850","TPE","Jimmy Wang",32,"18",4,"0-0","0","1234",3920,1350,5270
"851","USA","Sebastian Korda",17,"18",6,"0-0","0","0",4272,600,4872
"852","BRA","Thiago Seyboth Wild",17,"18",6,"0-0","0","0",2957,310,3267
"853","RUS","Victor Baluda",25,"18",8,"0-0","0","509",1841,2508,4349
"854","ISR","Daniel Cukierman",22,"18",9,"0-1","0","1277",1000,54,1054
"855","AUT","Bastian Trinker",27,"18",10,"0-0","0","1130",3054,519,3573
"856","USA","Evan Zhu",19,"18",11,"0-0","0","960",4590,1147,5737
"857","USA","Rhyne Williams",26,"18",11,"0-0","0","589",3047,2485,5532
"858","POL","Piotr Matuszewski",19,"18",14,"0-0","0","685",3135,1791,4926
"859","BRA","Carlos Eduardo Severino",26,"18",15,"0-0","0","1665",3336,798,4134
"860","GBR","James Marsalek",25,"18",15,"0-0","0","731",3081,1185,4266
"861","MEX","Lucas Gomez",22,"18",16,"0-1","0","635",15720,1948,17668
"862","RUS","Kristian Lozan",19,"18",18,"0-0","0","0",4844,430,5274
"863","GER","Luca Gelhardt",22,"18",18,"0-0","0","0",5061,954,6015
"864","RUS","Denis Klok",19,"18",19,"0-0","0","0",5292,546,5838
"865","TUR","Sarp Agabigun",20,"18",21,"0-0","0","415",8476,6185,14661
"866","TUR","Muhammet Haylaz",22,"18",24,"0-0","0","1125",7396,2416,9812
"867","JPN","Ryota Tanuma",22,"18",24,"0-0","0","1412",5385,1548,6933
"868","LTU","Lukas Mugevicius",22,"17",6,"1-0","0","1364",774,162,936
"869","SWE","Isak Arvidsson",25,"17",7,"1-1","0","343",4545,6433,10978
"870","HUN","Mate Valkusz",19,"17",8,"0-0","0","0",4083,96,4179
"871","RUS","Artem Dubrivnyy",18,"17",11,"0-0","0","1359",5066,246,5312
"872","CZE","Petr Nouza",19,"17",12,"0-0","0","764",3743,1960,5703
"873","POL","Marcin Gawron",29,"17",14,"0-0","0","744",5068,1933,7001
"874","RUS","Timur Kiyamov",21,"17",14,"0-0","0","969",4215,1614,5829
"875","CRO","Matej Sabanov",25,"17",16,"0-0","0","237",5732,6738,12470
"876","ITA","Giovanni Fonio",19,"17",17,"0-0","0","1164",5251,1415,6666
"877T","ITA","Alessandro Luisi",28,"17",19,"0-0","0","0",3360,474,3834
"877T","BEL","Maxime Pauwels",19,"17",19,"0-0","0","0",4839,150,4989
"879","JPN","Soichiro Moritani",23,"17",19,"0-0","0","511",5010,3501,8511
"880","ESP","Albert Alcaraz Ivorra",22,"17",20,"0-0","0","1122",5975,1560,7535
"881","CRO","Fran Zvonimir Zgombic",21,"17",21,"0-0","0","675",5236,2406,7642
"882","UKR","Oleksandr Bielinskyi",23,"17",23,"0-0","0","823",4221,1758,5979
"883","ITA","Francesco Ferrari",20,"17",23,"0-0","0","0",4114,1132,5246
"884","ESP","Alberto Romero De Avila Senise",19,"17",28,"0-0","0","938",6624,1648,8272
"885","USA","Jarmere Jenkins",26,"16",2,"0-0","0","1032",0,0,0
"886","USA","Emil Reinberg",20,"16",2,"0-0","0","1431",2510,2090,4600
"887","VEN","David Souto",25,"16",8,"0-0","0","0",2822,204,3026
"888","GER","Adrian Obert",22,"16",10,"0-0","0","0",3746,180,3926
"889","JPN","Sho Shimabukuro",20,"16",11,"0-0","0","922",5067,634,5701
"890","FRA","Maxime Tchoutakian",23,"16",13,"0-0","0","1399",3941,1076,5017
"891T","ESP","Javier Pulgar-Garcia",28,"16",16,"0-0","0","939",3456,1618,5074
"891T","RUS","Maxim Ratniuk",21,"16",16,"0-0","0","879",4379,1666,6045
"893T","USA","Connor Farren",23,"16",18,"0-0","0","786",5220,2567,7787
"893T","TPE","Cing-Yang Meng",19,"16",18,"0-0","0","1691",4495,1062,5557
"895","FRA","Louis Chaix",22,"16",20,"0-0","0","0",4325,420,4745
"896","NED","Sem Verbeek",23,"16",21,"0-0","0","274",5550,6386,11936
"897","AUS","Daniel Nolan",20,"16",25,"0-0","0","383",7683,4601,12284
"898","TUN","Skander Mansouri",22,"15",7,"0-0","0","743",3480,3328,6808
"899","USA","Patrick Kypson",18,"15",10,"0-1","0","1010",53049,684,53733
"900","FRA","Tak Khunn Wang",26,"15",11,"0-0","0","1148",2378,807,3185
"901","USA","Strong Kirchheimer",22,"15",12,"0-0","0","1448",3801,744,4545
"902","BRA","Andre Miele",30,"15",13,"0-0","0","1049",2433,1164,3597
"903","ROU","Bogdan Ionut Apostol",21,"15",14,"0-0","0","759",4778,2227,7005
"904","ARG","Juan Ignacio Ameal",23,"15",19,"0-0","0","995",3540,840,4380
"905","GER","Johannes Haerteis",21,"15",20,"0-0","0","523",5361,3425,8786
"906","JPN","Yuichi Ito",31,"15",20,"0-0","0","688",4403,2274,6677
"907","HUN","Gabor Borsos",26,"15",22,"0-0","0","213",4772,9243,14015
"908","POR","Francisco Cabral",20,"15",22,"0-0","0","452",4991,3858,8849
"909","USA","Winston Lin",24,"15",22,"0-0","0","1046",5466,918,6384
"910","AUS","James Frawley",23,"15",23,"0-0","0","1403",6634,1624,8258
"911","POL","Adrian Andrzejczuk",21,"15",25,"0-0","0","441",6784,4272,11056
"912","IND","Saketh Myneni",30,"14",4,"0-1","0","604",13313,3695,17008
"913","SVK","Patrik Fabian",23,"14",4,"0-0","0","1498",1011,218,1229
"914","KOR","Seong-Gook Oh",25,"14",5,"0-0","0","1528",2178,312,2490
"915","USA","Brandon Holt",19,"14",7,"0-0","0","703",4143,2410,6553
"916","USA","Tom Fawcett",22,"14",7,"0-0","0","908",4220,1636,5856
"917","EGY","Mazen Osama",22,"14",9,"0-0","0","1199",2928,882,3810
"918","ISR","Yshai Oliel",17,"14",9,"0-2","0","1325",3452,270,3722
"919","RUS","Kirill Dmitriev",26,"14",9,"0-0","0","1279",2545,580,3125
"920","NED","Lennert Van Der Linden",28,"14",9,"0-0","0","861",2042,711,2753
"921","LAT","Mikelis Libietis",25,"14",10,"0-2","0","174",2230,10511,12741
"922","GBR","Luke Johnson",23,"14",11,"0-0","0","417",3233,3777,7010
"923","GUA","Wilfredo Gonzalez",24,"14",13,"2-0","0","894",2352,1680,4032
"924","ESP","Marcos Giraldi Requena",23,"14",15,"0-0","0","1406",2250,804,3054
"925","EGY","Sherif Sabry",31,"14",16,"0-0","0","664",3799,2317,6116
"926","RUS","Vladimir Polyakov",23,"14",16,"0-0","0","477",4529,3615,8144
"927","FRA","Ronan Joncour",20,"14",21,"0-0","0","1093",4028,1030,5058
"928","ISR","Alon Elia",22,"14",26,"0-0","0","801",5064,2175,7239
"929","FRA","Francois-Arthur Vibert",27,"14",29,"0-0","0","691",5202,2433,7635
"930","FRA","Laurent Rochette",29,"13",4,"0-0","0","1130",1764,561,2325
"931","FRA","Alexis Gautier",20,"13",5,"0-0","0","0",2384,186,2570
"932","USA","Harrison Adams",23,"13",6,"0-0","0","543",3203,3040,6243
"933","ITA","Luca Giacomini",20,"13",7,"0-0","0","1359",2272,198,2470
"934","FRA","Romain Jouan",32,"13",8,"0-0","0","1018",3252,1522,4774
"935","AUS","Scott Puodziunas",27,"13",10,"0-0","0","324",3207,6973,10180
"936","IRL","Simon Carr",17,"13",10,"0-0","0","0",3419,454,3873
"937","USA","John Mcnally",19,"13",10,"0-0","0","1458",5165,1144,6309
"938","PER","Jorge Panta",22,"13",11,"0-0","0","777",2400,852,3252
"939","FRA","Clement Larriere",20,"13",12,"0-0","0","1011",3588,1035,4623
"940","BLR","Sergey Betov",30,"13",14,"0-0","0","307",5398,6278,11676
"941","KOR","Chan-yeong Oh",19,"13",14,"0-0","0","0",4656,1056,5712
"942","CZE","Filip Duda",19,"13",16,"0-0","0","898",3497,1845,5342
"943","AUS","Dane Propoggia",27,"13",17,"0-0","0","247",5904,8094,13998
"944","ITA","Giorgio Ricca",22,"13",18,"0-0","0","998",3520,1194,4714
"945","USA","Nick Chappell",25,"13",20,"0-0","0","612",3837,3063,6900
"946","CAN","Pavel Krainik",25,"13",20,"0-0","0","1665",6663,1002,7665
"947","ESP","Adria Mas Mascolo",24,"13",20,"0-0","0","803",5442,2834,8276
"948","SUI","Johan Nikles",20,"13",22,"0-0","0","524",4461,5281,9742
"949","USA","John Lamble",25,"13",23,"0-0","0","839",5370,1814,7184
"950","BRA","Thales Turini",28,"13",25,"0-0","0","519",4432,3802,8234
"951","CRO","Mate Pavic",24,"12",1,"0-1","0","16",10410,455065,465475
"952","ESP","Fernando Bogajo",25,"12",7,"0-0","0","0",2598,384,2982
"953","DEN","Soren Hess-Olesen",26,"12",7,"1-2","0","0",2551,54,2605
"954","SWE","Karl Friberg",18,"12",8,"0-0","0","1618",4766,934,5700
"955","GBR","Ryan Peniston",21,"12",9,"0-0","0","1364",2977,528,3505
"956","RUS","Dmitry Mnushkin",21,"12",11,"0-0","0","1316",2880,1086,3966
"957","UKR","Vitaliy Sachko",20,"12",11,"0-0","0","1649",3451,868,4319
"958T","ITA","Mirko Cutuli",21,"12",12,"0-0","0","864",2164,1308,3472
"958T","EST","Kenneth Raisma",19,"12",12,"1-0","0","1087",3344,756,4100
"960","GER","Peter Heller",25,"12",12,"0-0","0","930",3408,1239,4647
"961","BUL","Gabriel Donev",21,"12",14,"0-0","0","0",3153,312,3465
"962","USA","Aron Hiltzik",21,"12",14,"0-0","0","834",4054,1771,5825
"963","ESP","Marc Fornell-Mestres",35,"12",14,"0-0","0","457",3534,4501,8035
"964","USA","Eric Johnson",24,"12",15,"0-0","0","0",3638,96,3734
"965","BRA","Felipe Meligeni Rodrigues Alves",19,"12",15,"0-0","0","580",4214,2634,6848
"966","ARG","Federico Moreno",23,"12",17,"0-0","0","851",2564,1794,4358
"967","HKG","Hong Kit Wong",19,"12",17,"1-1","0","779",2688,1518,4206
"968","ROU","Mircea-Alexandru Jecan",29,"12",19,"0-0","0","666",4480,2856,7336
"969","ESP","Aaron Cortes Alcaraz",23,"12",21,"0-0","0","1178",3984,1398,5382
"970","RUS","Ivan Davydov",21,"12",23,"0-0","0","942",5036,2273,7309
"971","GER","Jakob Sude",26,"12",26,"0-0","0","328",5538,4349,9887
"972T","GBR","Julian Cash",21,"11",2,"0-0","0","1325",1530,270,1800
"972T","JPN","Takao Suzuki",41,"11",2,"0-0","0","948",1530,288,1818
"974","ITA","Joy Vigani",21,"11",3,"0-0","0","0",0,0,0
"975","USA","Logan Smith",21,"11",5,"0-0","0","0",2500,180,2680
"976","USA","Jeffrey Schorsch",22,"11",5,"0-0","0","0",2765,970,3735
"977","KOR","Jae Hwan Kim",23,"11",5,"0-0","0","0",1605,312,1917
"978","UZB","Khumoyun Sultanov",19,"11",7,"0-0","0","1574",4083,414,4497
"979","SRB","Ilija Vucic",27,"11",9,"0-0","0","382",2066,3269,5335
"980","USA","Isaiah Strode",20,"11",10,"0-0","0","895",3090,1930,5020
"981","GRE","Ioannis Stergiou",22,"11",12,"0-0","0","1597",2558,456,3014
"982T","BEL","Michael Geerts",22,"11",13,"0-0","0","1207",3735,1384,5119
"982T","TPE","Chien-hsun Lo",18,"11",13,"0-0","0","1104",4009,900,4909
"982T","CRO","Franjo Raspudic",26,"11",13,"0-0","0","0",4013,600,4613
"985","ARG","Facundo Juarez",20,"11",13,"0-0","0","0",2253,312,2565
"986","CZE","Matej Vocel",20,"11",13,"0-0","0","401",3082,3380,6462
"987","AUT","Dominic Weidinger",22,"11",14,"0-0","0","1618",2202,312,2514
"988","SUI","Simeon Rossier",22,"11",14,"0-0","0","0",3130,706,3836
"989","AUS","Calum Puttergill",24,"11",15,"0-0","0","870",4418,2324,6742
"990","NED","Tim Van Terheijden",27,"11",15,"0-0","0","978",3532,1236,4768
"991","ITA","Simone Roncalli",21,"11",17,"0-0","0","1466",3722,822,4544
"992","ITA","Enrico Dalla Valle",19,"11",18,"0-0","0","855",4596,1944,6540
"993","BRA","Eduardo Dischinger",25,"11",18,"0-0","0","520",3122,3383,6505
"994","AUT","Peter Goldsteiner",27,"11",19,"0-0","0","1306",3941,840,4781
"995T","NED","Marc Dijkhuizen",21,"11",19,"0-0","0","749",2976,1650,4626
"995T","GEO","George Tsivadze",24,"11",19,"1-3","0","655",3588,1880,5468
"997","SUI","Loic Perret",23,"11",20,"0-0","0","686",2698,1728,4426
"998","URU","Santiago Maresca",23,"11",23,"0-0","0","825",4125,2133,6258
"999","GBR","Joshua Paris",21,"11",23,"0-0","0","1067",4254,1132,5386
"1000","POL","Mateusz Terczynski",21,"11",23,"0-0","0","823",3498,1752,5250
