"RANKING","PAIS","EDAT","TORNEJOS","TITOLS","GUANYS_IND","WIN","LOSE","ATP","GUANYSNORM","GUANYSDISC"
88,"SRB",22,29,0,139601,7,5,"ATP",4.189,"ALT"
108,"ESP",24,27,0,120823,3,2,"ATP",3.524,"ALT"
116,"GER",25,22,0,144674,7,5,"ATP",4.369,"ALT"
122,"ITA",21,22,0,84668,0,1,"ATP",2.242,"MIG"
124,"POR",29,21,0,109828,4,1,"ATP",3.134,"MIG-ALT"
128,"BLR",24,16,0,71296,3,0,"ATP",1.768,"MIG"
134,"GER",24,24,0,86389,0,0,"NOATP",2.303,"MIG"
140,"IND",25,22,0,128693,8,4,"ATP",3.803,"ALT"
145,"USA",19,25,0,145770,0,4,"ATP",4.408,"ALT"
147,"AUS",20,29,0,128408,2,5,"ATP",3.792,"ALT"
148,"IND",22,33,0,105088,8,5,"ATP",2.966,"MIG-ALT"
149,"ITA",32,23,0,95575,0,2,"ATP",2.629,"MIG-ALT"
151,"JPN",29,27,0,114573,0,2,"ATP",3.302,"MIG-ALT"
153,"BIH",26,21,0,116603,4,2,"ATP",3.374,"MIG-ALT"
154,"CAN",17,22,0,62263,0,0,"NOATP",1.448,"MIG"
155,"FRA",18,23,0,57242,0,0,"NOATP",1.27,"MIG-BAIX"
156,"SRB",22,25,0,75293,0,0,"NOATP",1.91,"MIG"
157,"FRA",30,27,0,115275,5,4,"ATP",3.327,"MIG-ALT"
160,"JPN",33,23,0,140542,1,3,"ATP",4.223,"ALT"
161,"FRA",23,27,0,115137,0,2,"ATP",3.322,"MIG-ALT"
162,"SVK",25,25,0,131001,3,6,"ATP",3.884,"ALT"
163,"SVK",28,21,0,69580,2,2,"ATP",1.708,"MIG"
165,"FRA",29,30,0,85203,1,1,"ATP",2.261,"MIG"
166,"HUN",28,31,0,55780,1,3,"ATP",1.219,"MIG-BAIX"
167,"GER",28,22,0,67392,1,1,"ATP",1.63,"MIG"
168,"GBR",23,21,0,77678,2,2,"ATP",1.995,"MIG"
169,"BEL",25,24,0,121330,2,5,"ATP",3.542,"ALT"
170,"ITA",24,34,0,74765,0,1,"ATP",1.891,"MIG"
172,"POR",24,23,0,52023,2,1,"ATP",1.085,"MIG-BAIX"
173,"BIH",29,28,0,78813,0,1,"ATP",2.035,"MIG"
174,"BLR",27,31,0,86097,0,0,"NOATP",2.293,"MIG"
175,"USA",22,28,0,89736,0,0,"NOATP",2.422,"MIG-ALT"
178,"EST",29,17,0,40268,1,2,"ATP",0.669,"MIG-BAIX"
179,"ESP",20,26,0,36784,0,0,"NOATP",0.545,"MIG-BAIX"
180,"ESP",24,27,0,47369,0,0,"NOATP",0.92,"MIG-BAIX"
181,"GER",30,18,0,44428,0,0,"NOATP",0.816,"MIG-BAIX"
182,"FRA",21,28,0,122529,1,1,"ATP",3.584,"ALT"
183,"SWE",21,22,0,107215,4,5,"ATP",3.041,"MIG-ALT"
184,"KAZ",21,33,0,58513,2,1,"ATP",1.315,"MIG"
186,"RUS",25,26,0,55931,0,0,"NOATP",1.224,"MIG-BAIX"
187,"USA",23,29,0,129258,1,3,"ATP",3.823,"ALT"
189,"KOR",19,19,0,54160,3,1,"ATP",1.161,"MIG-BAIX"
190,"FRA",22,23,0,63401,0,1,"ATP",1.489,"MIG"
191,"CZE",23,30,0,94374,0,1,"ATP",2.586,"MIG-ALT"
192,"ARG",26,24,0,99762,1,2,"ATP",2.777,"MIG-ALT"
193,"AUT",36,9,0,80169,0,2,"ATP",2.083,"MIG"
197,"USA",25,35,0,95025,1,2,"ATP",2.609,"MIG-ALT"
198,"CHN",27,18,0,90345,1,4,"ATP",2.444,"MIG-ALT"
200,"CAN",22,24,0,61054,0,3,"ATP",1.405,"MIG"
201,"KOR",19,32,0,90129,0,1,"ATP",2.436,"MIG-ALT"
202,"USA",26,20,0,34161,0,0,"NOATP",0.452,"MIG-BAIX"
203,"USA",21,18,0,103409,1,2,"ATP",2.907,"MIG-ALT"
204,"ITA",22,19,0,31426,0,0,"NOATP",0.355,"MIG-BAIX"
206,"AUS",24,18,0,77490,0,2,"ATP",1.988,"MIG"
207,"USA",25,23,0,124261,1,1,"ATP",3.646,"ALT"
209,"ESA",27,22,0,59960,4,1,"ATP",1.367,"MIG"
210,"SRB",18,25,0,44481,0,0,"NOATP",0.818,"MIG-BAIX"
212,"JPN",25,19,0,89096,2,2,"ATP",2.399,"MIG-ALT"
213,"EGY",27,25,0,92719,1,4,"ATP",2.528,"MIG-ALT"
214,"POR",22,45,0,49846,0,0,"NOATP",1.008,"MIG-BAIX"
215,"SLO",27,23,0,56075,0,0,"NOATP",1.229,"MIG-BAIX"
216,"SRB",23,23,0,41404,0,0,"NOATP",0.709,"MIG-BAIX"
217,"AUS",28,18,0,144950,0,3,"ATP",4.379,"ALT"
218,"AUT",24,20,0,54815,1,1,"ATP",1.184,"MIG-BAIX"
219,"ESP",20,23,0,38964,0,1,"ATP",0.623,"MIG-BAIX"
220,"CZE",21,36,0,41755,0,0,"NOATP",0.722,"MIG-BAIX"
223,"POL",21,23,0,40380,0,4,"ATP",0.673,"MIG-BAIX"
224,"CRO",27,16,0,42012,1,0,"ATP",0.731,"MIG-BAIX"
225,"USA",24,30,0,120783,2,3,"ATP",3.522,"ALT"
226,"ITA",29,31,0,50371,0,0,"NOATP",1.027,"MIG-BAIX"
227,"KAZ",30,21,0,46410,0,1,"ATP",0.886,"MIG-BAIX"
228,"BRA",24,24,0,43464,0,2,"ATP",0.782,"MIG-BAIX"
229,"USA",27,19,0,74192,0,0,"NOATP",1.871,"MIG"
230,"RSA",20,26,0,38375,6,2,"ATP",0.602,"MIG-BAIX"
231,"ESP",17,17,0,45447,0,1,"ATP",0.852,"MIG-BAIX"
232,"BOL",24,21,0,28690,1,1,"ATP",0.258,"BAIX"
233,"GER",19,22,0,52680,2,3,"ATP",1.109,"MIG-BAIX"
234,"EGY",26,27,0,32424,0,0,"NOATP",0.391,"MIG-BAIX"
235,"RUS",32,24,0,126065,0,3,"ATP",3.709,"ALT"
236,"AUS",30,17,0,108347,2,5,"ATP",3.082,"MIG-ALT"
237,"CHN",26,25,0,141015,1,5,"ATP",4.239,"ALT"
238,"GER",31,22,0,101194,2,2,"ATP",2.828,"MIG-ALT"
239,"TPE",28,21,0,54147,0,4,"ATP",1.161,"MIG-BAIX"
240,"ARG",25,30,0,41133,0,0,"NOATP",0.699,"MIG-BAIX"
241,"ITA",25,23,0,73653,2,2,"ATP",1.852,"MIG"
242,"BEL",23,28,0,26516,0,0,"NOATP",0.181,"BAIX"
243,"USA",23,23,0,62413,0,2,"ATP",1.454,"MIG"
244,"NED",21,24,0,48934,0,2,"ATP",0.976,"MIG-BAIX"
245,"BRA",29,26,0,68536,1,3,"ATP",1.671,"MIG"
246,"JPN",20,25,0,39546,0,1,"ATP",0.643,"MIG-BAIX"
247,"ITA",26,33,0,64922,0,1,"ATP",1.543,"MIG"
250,"BLR",23,16,0,59975,2,2,"ATP",1.367,"MIG"
251,"SRB",25,23,0,34784,0,0,"NOATP",0.474,"MIG-BAIX"
252,"POR",23,29,0,28241,0,0,"NOATP",0.243,"BAIX"
253,"USA",27,23,0,48330,0,1,"ATP",0.955,"MIG-BAIX"
254,"ESP",25,21,0,28224,0,0,"NOATP",0.242,"BAIX"
255,"IND",27,22,0,44169,1,1,"ATP",0.807,"MIG-BAIX"
256,"ESP",20,34,0,31557,0,0,"NOATP",0.36,"MIG-BAIX"
257,"USA",27,25,0,56531,0,0,"NOATP",1.245,"MIG-BAIX"
258,"FRA",34,27,0,25542,0,0,"NOATP",0.147,"BAIX"
260,"ARG",25,27,0,36720,0,0,"NOATP",0.543,"MIG-BAIX"
261,"ESP",27,21,0,46407,0,1,"ATP",0.886,"MIG-BAIX"
262,"POL",20,22,0,29497,0,4,"ATP",0.287,"MIG-BAIX"
263,"ITA",22,22,0,59752,0,0,"NOATP",1.359,"MIG"
264,"CHI",21,20,0,87774,2,2,"ATP",2.352,"MIG-ALT"
265,"AUS",27,25,0,32687,0,0,"NOATP",0.4,"MIG-BAIX"
266,"ITA",30,26,0,28460,0,0,"NOATP",0.25,"BAIX"
267,"USA",24,25,0,48255,0,0,"NOATP",0.952,"MIG-BAIX"
268,"TUR",22,31,0,57919,1,4,"ATP",1.294,"MIG-BAIX"
269,"AUS",20,16,0,67575,0,1,"ATP",1.637,"MIG"
270,"AUS",25,23,0,27371,0,0,"NOATP",0.212,"BAIX"
271,"GER",23,26,0,28675,0,1,"ATP",0.258,"BAIX"
272,"BIH",27,28,0,29222,1,0,"ATP",0.277,"MIG-BAIX"
273,"GER",27,30,0,43210,0,0,"NOATP",0.773,"MIG-BAIX"
274,"AUS",21,16,0,75995,0,1,"ATP",1.935,"MIG"
275,"AUT",28,27,0,26056,0,0,"NOATP",0.165,"BAIX"
276,"BEL",24,19,0,85841,0,1,"ATP",2.284,"MIG"
277,"ARG",25,22,0,24239,0,0,"NOATP",0.101,"BAIX"
278,"CHN",31,23,0,30487,2,0,"ATP",0.322,"MIG-BAIX"
279,"CAN",23,29,0,33518,0,0,"NOATP",0.43,"MIG-BAIX"
280,"GER",23,22,0,74414,0,2,"ATP",1.879,"MIG"
281,"GER",25,24,0,27354,0,0,"NOATP",0.211,"BAIX"
282,"AUS",19,24,0,35682,0,0,"NOATP",0.506,"MIG-BAIX"
283,"CZE",23,32,0,29547,0,0,"NOATP",0.289,"MIG-BAIX"
284,"BEL",23,25,0,56797,0,1,"ATP",1.255,"MIG-BAIX"
285,"GBR",19,26,0,42517,0,0,"NOATP",0.749,"MIG-BAIX"
286,"ISR",20,24,0,31329,0,3,"ATP",0.352,"MIG-BAIX"
287,"COL",21,22,0,21713,0,0,"NOATP",0.011,"BAIX"
288,"FRA",24,25,0,46038,0,1,"ATP",0.873,"MIG-BAIX"
289,"ESP",35,16,0,29728,0,0,"NOATP",0.295,"MIG-BAIX"
290,"GER",21,22,0,23498,0,0,"NOATP",0.074,"BAIX"
291,"FRA",19,29,0,83838,0,1,"ATP",2.213,"MIG"
292,"ESP",26,29,0,25494,0,0,"NOATP",0.145,"BAIX"
293,"GBR",27,26,0,102642,1,3,"ATP",2.879,"MIG-ALT"
294,"EGY",19,26,0,21244,0,0,"NOATP",-0.005,"BAIX"
295,"ECU",25,20,0,62856,2,1,"ATP",1.469,"MIG"
296,"USA",21,10,0,97110,2,3,"ATP",2.683,"MIG-ALT"
297,"TPE",26,20,0,21757,0,0,"NOATP",0.013,"BAIX"
298,"FRA",22,24,0,21156,0,0,"NOATP",-0.009,"BAIX"
299,"LTU",26,26,0,27152,3,2,"ATP",0.204,"BAIX"
300,"CAN",26,27,0,68448,0,1,"ATP",1.668,"MIG"
301,"RUS",31,36,0,27512,0,0,"NOATP",0.217,"BAIX"
302,"NZL",30,31,0,31226,1,4,"ATP",0.348,"MIG-BAIX"
303,"ITA",26,24,0,61153,0,1,"ATP",1.409,"MIG"
304,"FRA",20,31,0,60821,0,1,"ATP",1.397,"MIG"
305,"CHN",18,15,0,59204,1,2,"ATP",1.34,"MIG"
306,"ITA",21,12,0,30601,1,1,"ATP",0.326,"MIG-BAIX"
307,"AUS",25,3,0,37490,0,1,"ATP",0.57,"MIG-BAIX"
308,"TUR",30,34,0,30748,3,2,"ATP",0.331,"MIG-BAIX"
309,"ARG",22,19,0,22562,0,0,"NOATP",0.041,"BAIX"
310,"SVK",24,24,0,23104,0,0,"NOATP",0.061,"BAIX"
311,"AUS",24,18,0,141295,1,2,"ATP",4.249,"ALT"
312,"ESP",20,32,0,28870,0,0,"NOATP",0.265,"BAIX"
313,"GER",30,17,0,97964,1,4,"ATP",2.714,"MIG-ALT"
314,"CRO",28,18,0,26352,0,1,"ATP",0.176,"BAIX"
315,"POR",22,24,0,24474,2,1,"ATP",0.109,"BAIX"
316,"SWE",27,25,0,24580,1,0,"ATP",0.113,"BAIX"
317,"TPE",34,29,0,45681,0,1,"ATP",0.861,"MIG-BAIX"
318,"ESP",26,26,0,55729,0,0,"NOATP",1.217,"MIG-BAIX"
319,"BEL",30,30,0,29747,0,0,"NOATP",0.296,"MIG-BAIX"
320,"ITA",24,23,0,21212,0,0,"NOATP",-0.007,"BAIX"
321,"RUS",21,28,0,26484,0,0,"NOATP",0.18,"BAIX"
322,"AUS",21,22,0,33107,0,0,"NOATP",0.415,"MIG-BAIX"
324,"FRA",26,18,0,20526,0,0,"NOATP",-0.031,"BAIX"
325,"ARG",23,24,0,21069,0,0,"NOATP",-0.012,"BAIX"
326,"ITA",26,27,0,28802,0,1,"ATP",0.262,"BAIX"
327,"AUT",21,22,0,15986,0,0,"NOATP",-0.192,"BAIX"
328,"JPN",27,26,0,72674,0,0,"NOATP",1.817,"MIG"
329,"AUS",20,25,0,78191,0,2,"ATP",2.013,"MIG"
330,"GER",25,19,0,22041,0,0,"NOATP",0.023,"BAIX"
331,"IND",20,19,0,19286,0,0,"NOATP",-0.075,"BAIX"
332,"CRO",20,30,0,22085,0,0,"NOATP",0.024,"BAIX"
333,"CRO",32,4,0,82067,3,2,"ATP",2.15,"MIG"
334,"CRO",30,16,0,49921,2,5,"ATP",1.011,"MIG-BAIX"
335,"BRA",24,21,0,23503,0,0,"NOATP",0.075,"BAIX"
336,"GER",29,11,0,20254,0,0,"NOATP",-0.04,"BAIX"
337,"CAN",33,13,0,57529,1,1,"ATP",1.281,"MIG-BAIX"
338,"USA",27,15,0,29676,0,0,"NOATP",0.293,"MIG-BAIX"
339,"USA",25,18,0,36977,0,0,"NOATP",0.552,"MIG-BAIX"
340,"UZB",23,22,0,21302,0,3,"ATP",-0.003,"BAIX"
341,"AUS",24,12,0,19737,0,0,"NOATP",-0.059,"BAIX"
342,"CHN",21,17,0,42285,3,1,"ATP",0.74,"MIG-BAIX"
343,"SWE",25,23,0,20698,2,0,"ATP",-0.025,"BAIX"
344,"AUS",23,23,0,63109,0,2,"ATP",1.478,"MIG"
345,"ARG",25,26,0,17648,0,0,"NOATP",-0.133,"BAIX"
346,"USA",33,7,0,69490,2,2,"ATP",1.704,"MIG"
347,"CZE",38,3,0,94064,3,2,"ATP",2.575,"MIG-ALT"
348,"FRA",22,20,0,54909,0,1,"ATP",1.188,"MIG-BAIX"
349,"RUS",23,21,0,18041,0,0,"NOATP",-0.119,"BAIX"
350,"IND",27,20,0,20045,0,0,"NOATP",-0.048,"BAIX"
351,"ESP",24,22,0,17139,0,0,"NOATP",-0.151,"BAIX"
352,"ESP",26,31,0,19174,0,0,"NOATP",-0.079,"BAIX"
353,"JPN",23,35,0,22472,0,0,"NOATP",0.038,"BAIX"
354,"CZE",28,23,0,33782,0,0,"NOATP",0.439,"MIG-BAIX"
355,"JPN",19,18,0,17886,0,0,"NOATP",-0.124,"BAIX"
356,"SRB",29,26,0,59581,1,2,"ATP",1.353,"MIG"
357,"GER",29,26,0,17131,0,0,"NOATP",-0.151,"BAIX"
358,"GBR",29,20,0,25552,0,0,"NOATP",0.147,"BAIX"
359,"BUL",27,22,0,12978,0,0,"NOATP",-0.298,"BAIX"
360,"NED",22,22,0,15168,0,0,"NOATP",-0.221,"BAIX"
361,"BEL",24,26,0,18089,0,0,"NOATP",-0.117,"BAIX"
362,"SUI",36,22,0,92614,2,5,"ATP",2.524,"MIG-ALT"
363,"BLR",28,23,0,22039,0,2,"ATP",0.023,"BAIX"
364,"ESP",32,12,0,32878,0,1,"ATP",0.407,"MIG-BAIX"
365,"IRL",30,15,0,69543,0,0,"NOATP",1.706,"MIG"
366,"JPN",26,24,0,21446,0,0,"NOATP",0.002,"BAIX"
367,"ARG",20,29,0,17284,0,0,"NOATP",-0.146,"BAIX"
368,"FRA",19,29,0,21302,0,0,"NOATP",-0.003,"BAIX"
369,"NED",29,12,0,14658,1,2,"ATP",-0.239,"BAIX"
370,"RSA",26,21,0,15008,3,2,"ATP",-0.226,"BAIX"
371,"FRA",25,22,0,16290,0,0,"NOATP",-0.181,"BAIX"
372,"ESP",27,23,0,13870,0,0,"NOATP",-0.267,"BAIX"
373,"CZE",27,26,0,93086,0,2,"ATP",2.541,"MIG-ALT"
374,"ARG",24,22,0,14708,0,0,"NOATP",-0.237,"BAIX"
375,"IRL",25,26,0,17979,0,0,"NOATP",-0.121,"BAIX"
376,"BRA",24,27,0,13134,0,0,"NOATP",-0.293,"BAIX"
377,"BLR",24,18,0,14598,1,1,"ATP",-0.241,"BAIX"
378,"JPN",24,22,0,11019,0,0,"NOATP",-0.368,"BAIX"
379,"FRA",25,20,0,29670,0,0,"NOATP",0.293,"MIG-BAIX"
380,"BEL",27,22,0,17280,0,0,"NOATP",-0.146,"BAIX"
381,"DOM",27,21,0,29362,2,2,"ATP",0.282,"MIG-BAIX"
382,"ITA",20,23,0,23357,0,0,"NOATP",0.069,"BAIX"
383,"BUL",24,22,0,19728,0,1,"ATP",-0.059,"BAIX"
384,"COL",28,13,0,61949,0,2,"ATP",1.437,"MIG"
385,"FRA",25,18,0,10349,0,0,"NOATP",-0.392,"BAIX"
386,"ESP",28,23,0,18396,0,0,"NOATP",-0.106,"BAIX"
387,"JPN",26,23,0,14983,0,0,"NOATP",-0.227,"BAIX"
388,"AUT",20,28,0,15999,0,0,"NOATP",-0.191,"BAIX"
389,"ARG",34,18,0,63845,1,1,"ATP",1.504,"MIG"
390,"BRA",29,19,0,14733,0,0,"NOATP",-0.236,"BAIX"
391,"URU",25,22,0,15842,0,0,"NOATP",-0.197,"BAIX"
392,"USA",23,27,0,24088,0,0,"NOATP",0.095,"BAIX"
393,"ESP",22,27,0,18467,0,0,"NOATP",-0.104,"BAIX"
394,"UKR",24,28,0,14735,0,0,"NOATP",-0.236,"BAIX"
395,"FRA",22,10,0,5501,0,0,"NOATP",-0.563,"BAIX"
396,"FRA",22,15,0,12010,0,0,"NOATP",-0.333,"BAIX"
397,"AUS",23,20,0,25195,0,0,"NOATP",0.135,"BAIX"
398,"ITA",27,24,0,14764,0,0,"NOATP",-0.235,"BAIX"
399,"ARG",23,25,0,12063,0,0,"NOATP",-0.331,"BAIX"
400,"ESP",28,17,0,15930,0,0,"NOATP",-0.194,"BAIX"
401,"JPN",20,22,0,13738,0,0,"NOATP",-0.271,"BAIX"
402,"JPN",29,28,0,16952,0,0,"NOATP",-0.158,"BAIX"
403,"GBR",27,16,0,63225,0,1,"ATP",1.482,"MIG"
404,"COL",33,10,0,22400,1,1,"ATP",0.036,"BAIX"
405,"MON",21,28,0,17179,1,3,"ATP",-0.149,"BAIX"
406,"ESP",22,23,0,12022,0,0,"NOATP",-0.332,"BAIX"
407,"CZE",28,24,0,14609,0,0,"NOATP",-0.241,"BAIX"
408,"TUR",21,25,0,15630,1,1,"ATP",-0.204,"BAIX"
409,"AUT",21,27,0,14002,0,0,"NOATP",-0.262,"BAIX"
410,"FRA",21,24,0,49308,0,0,"NOATP",0.989,"MIG-BAIX"
411,"AUS",32,14,0,21858,0,0,"NOATP",0.016,"BAIX"
412,"GBR",23,15,0,19695,0,0,"NOATP",-0.06,"BAIX"
413,"FRA",19,24,0,15591,0,0,"NOATP",-0.206,"BAIX"
414,"USA",22,17,0,59260,0,1,"ATP",1.342,"MIG"
415,"ITA",22,19,0,31850,0,1,"ATP",0.37,"MIG-BAIX"
416,"ARG",22,23,0,18332,0,0,"NOATP",-0.109,"BAIX"
417,"GER",25,13,0,10120,0,0,"NOATP",-0.4,"BAIX"
418,"FRA",30,21,0,12479,0,0,"NOATP",-0.316,"BAIX"
419,"BEL",21,24,0,14616,0,0,"NOATP",-0.24,"BAIX"
420,"ARG",24,24,0,11111,0,0,"NOATP",-0.365,"BAIX"
421,"IND",20,26,0,17737,0,0,"NOATP",-0.13,"BAIX"
422,"ECU",28,17,0,12123,1,1,"ATP",-0.329,"BAIX"
423,"ITA",19,18,0,12793,0,0,"NOATP",-0.305,"BAIX"
424,"FRA",27,22,0,22184,0,0,"NOATP",0.028,"BAIX"
425,"POL",33,7,0,9908,0,0,"NOATP",-0.407,"BAIX"
426,"ESP",39,18,0,32325,0,0,"NOATP",0.387,"MIG-BAIX"
427,"USA",23,20,0,11832,0,0,"NOATP",-0.339,"BAIX"
428,"COL",27,21,0,13522,0,0,"NOATP",-0.279,"BAIX"
429,"FRA",25,24,0,13887,0,0,"NOATP",-0.266,"BAIX"
430,"ITA",21,27,0,12698,0,0,"NOATP",-0.308,"BAIX"
431,"NED",32,13,0,12794,0,0,"NOATP",-0.305,"BAIX"
432,"NED",26,16,0,12511,0,0,"NOATP",-0.315,"BAIX"
433,"SRB",23,18,0,27755,0,1,"ATP",0.225,"BAIX"
434,"AUT",26,23,0,9246,0,0,"NOATP",-0.431,"BAIX"
435,"ESP",23,17,0,13703,0,0,"NOATP",-0.273,"BAIX"
436,"GER",24,19,0,12862,0,0,"NOATP",-0.302,"BAIX"
437,"FRA",21,22,0,13713,0,0,"NOATP",-0.272,"BAIX"
438,"ZIM",27,25,0,12279,0,0,"NOATP",-0.323,"BAIX"
439,"FRA",29,26,0,14223,0,0,"NOATP",-0.254,"BAIX"
440,"PER",22,27,0,11602,0,2,"ATP",-0.347,"BAIX"
441,"ARG",28,6,0,10015,0,0,"NOATP",-0.403,"BAIX"
442,"FRA",21,23,0,13051,0,0,"NOATP",-0.296,"BAIX"
443,"ESP",29,9,0,11206,0,0,"NOATP",-0.361,"BAIX"
444,"SWE",19,12,0,58860,2,5,"ATP",1.328,"MIG"
445,"USA",27,16,0,11732,0,0,"NOATP",-0.343,"BAIX"
446,"CRO",24,25,0,12704,0,0,"NOATP",-0.308,"BAIX"
447,"USA",25,29,0,48660,0,1,"ATP",0.966,"MIG-BAIX"
448,"AUT",30,9,0,117807,0,3,"ATP",3.417,"ALT"
449,"FRA",23,16,0,52795,0,1,"ATP",1.113,"MIG-BAIX"
450,"FRA",23,23,0,12666,0,0,"NOATP",-0.309,"BAIX"
451,"ESP",23,23,0,10881,0,0,"NOATP",-0.373,"BAIX"
452,"CHI",24,14,0,9600,0,0,"NOATP",-0.418,"BAIX"
453,"CHN",28,21,0,19468,0,0,"NOATP",-0.068,"BAIX"
454,"BEL",26,23,0,36279,0,0,"NOATP",0.527,"MIG-BAIX"
455,"ITA",28,25,0,12465,0,0,"NOATP",-0.317,"BAIX"
456,"FRA",24,26,0,15134,0,0,"NOATP",-0.222,"BAIX"
457,"ARG",21,27,0,11101,0,0,"NOATP",-0.365,"BAIX"
458,"ESP",27,31,0,27655,0,0,"NOATP",0.222,"BAIX"
459,"GER",27,10,0,11551,0,0,"NOATP",-0.349,"BAIX"
460,"ESP",24,16,0,11556,0,0,"NOATP",-0.349,"BAIX"
461,"ROU",25,19,0,11922,0,1,"ATP",-0.336,"BAIX"
462,"FRA",20,22,0,11969,0,0,"NOATP",-0.334,"BAIX"
463,"ITA",26,26,0,11949,0,0,"NOATP",-0.335,"BAIX"
464,"CZE",35,21,0,13381,0,0,"NOATP",-0.284,"BAIX"
465,"BRA",24,23,0,9910,0,0,"NOATP",-0.407,"BAIX"
466,"FRA",27,15,0,10245,0,0,"NOATP",-0.395,"BAIX"
467,"ESP",18,15,0,11300,0,0,"NOATP",-0.358,"BAIX"
468,"ARG",25,19,0,27518,0,1,"ATP",0.217,"BAIX"
469,"FRA",20,21,0,12917,0,0,"NOATP",-0.301,"BAIX"
470,"JPN",30,23,0,19414,0,0,"NOATP",-0.07,"BAIX"
471,"POR",32,29,0,12670,0,0,"NOATP",-0.309,"BAIX"
472,"ZIM",24,29,0,11197,0,0,"NOATP",-0.361,"BAIX"
473,"ESP",22,29,0,11867,0,0,"NOATP",-0.338,"BAIX"
474,"ECU",29,20,0,8562,0,1,"ATP",-0.455,"BAIX"
475,"ITA",24,21,0,13948,0,0,"NOATP",-0.264,"BAIX"
476,"CHN",25,23,0,19824,0,0,"NOATP",-0.056,"BAIX"
477,"NED",23,23,0,7793,0,0,"NOATP",-0.482,"BAIX"
478,"FRA",28,25,0,14054,0,0,"NOATP",-0.26,"BAIX"
479,"AUT",28,19,0,10685,0,0,"NOATP",-0.38,"BAIX"
480,"NOR",20,31,0,14234,2,1,"ATP",-0.254,"BAIX"
481,"FRA",25,35,0,12229,0,0,"NOATP",-0.325,"BAIX"
482,"FRA",27,21,0,38566,0,1,"ATP",0.608,"MIG-BAIX"
483,"THA",22,22,0,11465,4,2,"ATP",-0.352,"BAIX"
484,"CZE",23,23,0,10158,0,0,"NOATP",-0.398,"BAIX"
486,"AUS",21,10,0,11500,0,0,"NOATP",-0.351,"BAIX"
487,"FRA",21,12,0,9650,0,0,"NOATP",-0.416,"BAIX"
488,"KOR",27,19,0,13910,0,0,"NOATP",-0.265,"BAIX"
489,"USA",26,19,0,10726,0,0,"NOATP",-0.378,"BAIX"
490,"ITA",26,29,0,13218,0,0,"NOATP",-0.29,"BAIX"
491,"ITA",24,11,0,8727,0,0,"NOATP",-0.449,"BAIX"
492,"BOL",29,23,0,8220,2,1,"ATP",-0.467,"BAIX"
493,"CHN",21,24,0,26999,0,0,"NOATP",0.199,"BAIX"
494,"FRA",24,24,0,13561,0,0,"NOATP",-0.278,"BAIX"
495,"ARG",19,24,0,9941,0,0,"NOATP",-0.406,"BAIX"
496,"GER",36,9,0,60768,0,3,"ATP",1.395,"MIG"
497,"AUT",18,10,0,11057,0,0,"NOATP",-0.366,"BAIX"
498,"AUS",23,10,0,11830,0,0,"NOATP",-0.339,"BAIX"
499,"SVK",19,15,0,11037,0,0,"NOATP",-0.367,"BAIX"
500,"ITA",25,33,0,12101,0,0,"NOATP",-0.329,"BAIX"
501,"GBR",25,12,0,10094,0,0,"NOATP",-0.401,"BAIX"
502,"AUS",21,27,0,19726,0,0,"NOATP",-0.059,"BAIX"
503,"ROU",32,10,0,9388,1,1,"ATP",-0.426,"BAIX"
504,"GER",24,30,0,11401,0,0,"NOATP",-0.354,"BAIX"
505,"SUI",29,10,0,5897,0,0,"NOATP",-0.549,"BAIX"
506,"MAR",32,12,0,4823,0,0,"NOATP",-0.587,"BAIX"
507,"BRA",35,13,0,28853,0,0,"NOATP",0.264,"BAIX"
508,"RUS",32,16,0,23756,0,0,"NOATP",0.084,"BAIX"
509,"SUI",22,19,0,14225,0,0,"NOATP",-0.254,"BAIX"
510,"ISR",22,21,0,10444,0,0,"NOATP",-0.388,"BAIX"
511,"ARG",21,22,0,5333,0,0,"NOATP",-0.569,"BAIX"
512,"ARG",24,25,0,8567,0,0,"NOATP",-0.455,"BAIX"
513,"AUT",25,27,0,11085,0,0,"NOATP",-0.365,"BAIX"
514,"ITA",21,33,0,13357,0,0,"NOATP",-0.285,"BAIX"
515,"GBR",27,12,0,28233,0,0,"NOATP",0.242,"BAIX"
516,"IND",30,17,0,14437,0,0,"NOATP",-0.247,"BAIX"
517,"HUN",25,19,0,11088,0,0,"NOATP",-0.365,"BAIX"
518,"UKR",29,14,0,10832,0,2,"ATP",-0.374,"BAIX"
519,"COL",24,21,0,9983,0,0,"NOATP",-0.404,"BAIX"
520,"BEL",24,21,0,8281,0,0,"NOATP",-0.465,"BAIX"
521,"SUI",30,23,0,12372,0,1,"ATP",-0.32,"BAIX"
522,"SWE",22,17,0,9593,0,0,"NOATP",-0.418,"BAIX"
523,"NED",21,21,0,10160,0,0,"NOATP",-0.398,"BAIX"
524,"CAN",23,12,0,12646,0,0,"NOATP",-0.31,"BAIX"
525,"RUS",20,12,0,14007,0,1,"ATP",-0.262,"BAIX"
526,"KOR",19,19,0,10492,0,0,"NOATP",-0.386,"BAIX"
527,"TUN",24,30,0,11535,2,0,"ATP",-0.349,"BAIX"
528,"COL",26,7,0,3540,0,0,"NOATP",-0.633,"BAIX"
529,"BRA",20,18,0,9602,0,0,"NOATP",-0.418,"BAIX"
530,"UZB",22,24,0,9198,1,1,"ATP",-0.432,"BAIX"
531,"CZE",20,24,0,9000,0,0,"NOATP",-0.439,"BAIX"
532,"RUS",22,19,0,10768,0,0,"NOATP",-0.377,"BAIX"
533,"IND",24,21,0,10484,0,0,"NOATP",-0.387,"BAIX"
534,"EST",30,22,0,8701,2,1,"ATP",-0.45,"BAIX"
535,"FRA",24,24,0,8667,0,0,"NOATP",-0.451,"BAIX"
536,"KAZ",24,28,0,11967,0,0,"NOATP",-0.334,"BAIX"
537,"ESP",20,31,0,13158,0,0,"NOATP",-0.292,"BAIX"
538,"POL",23,11,0,8471,0,0,"NOATP",-0.458,"BAIX"
539,"GER",26,11,0,9098,0,0,"NOATP",-0.436,"BAIX"
540,"BEL",30,16,0,9214,0,0,"NOATP",-0.432,"BAIX"
541,"JPN",21,22,0,9188,0,0,"NOATP",-0.433,"BAIX"
542,"RUS",18,15,0,8478,0,0,"NOATP",-0.458,"BAIX"
543,"VIE",20,20,0,9117,2,0,"ATP",-0.435,"BAIX"
544,"GER",26,28,0,11757,0,0,"NOATP",-0.342,"BAIX"
545,"USA",25,29,0,11238,0,0,"NOATP",-0.36,"BAIX"
546,"FRA",23,29,0,9996,0,0,"NOATP",-0.404,"BAIX"
547,"USA",22,12,0,63184,0,2,"ATP",1.481,"MIG"
548,"BEL",30,14,0,9165,0,0,"NOATP",-0.433,"BAIX"
549,"BRA",31,15,0,10192,0,0,"NOATP",-0.397,"BAIX"
550,"NED",30,17,0,26830,0,0,"NOATP",0.193,"BAIX"
551,"MNE",26,19,0,9335,0,0,"NOATP",-0.427,"BAIX"
552,"UKR",23,24,0,9593,0,0,"NOATP",-0.418,"BAIX"
553,"GER",24,13,0,9408,0,0,"NOATP",-0.425,"BAIX"
554,"ARG",23,23,0,8343,0,0,"NOATP",-0.463,"BAIX"
555,"GER",24,28,0,10949,0,0,"NOATP",-0.37,"BAIX"
556,"JPN",20,28,0,10477,0,0,"NOATP",-0.387,"BAIX"
557,"ITA",25,23,0,10111,0,0,"NOATP",-0.4,"BAIX"
558,"BRA",29,29,0,7739,0,0,"NOATP",-0.484,"BAIX"
559,"UKR",30,11,0,8598,0,0,"NOATP",-0.454,"BAIX"
560,"NZL",27,15,0,13804,0,3,"ATP",-0.269,"BAIX"
561,"ITA",24,17,0,10165,0,0,"NOATP",-0.398,"BAIX"
562,"POL",26,20,0,8986,0,0,"NOATP",-0.44,"BAIX"
563,"ISR",21,21,0,8142,0,1,"ATP",-0.47,"BAIX"
564,"NED",22,22,0,9834,0,0,"NOATP",-0.41,"BAIX"
565,"CZE",22,30,0,11430,0,0,"NOATP",-0.353,"BAIX"
566,"POR",20,7,0,7286,0,0,"NOATP",-0.5,"BAIX"
567,"GBR",22,12,0,9244,0,0,"NOATP",-0.431,"BAIX"
568,"USA",28,14,0,9928,0,0,"NOATP",-0.406,"BAIX"
569,"ITA",22,27,0,11890,0,0,"NOATP",-0.337,"BAIX"
570,"AUS",25,6,0,14805,1,1,"ATP",-0.234,"BAIX"
571,"SLO",31,7,0,30789,2,1,"ATP",0.333,"MIG-BAIX"
572,"RUS",20,14,0,17499,0,1,"ATP",-0.138,"BAIX"
573,"TPE",19,19,0,11199,1,1,"ATP",-0.361,"BAIX"
574,"ESP",24,20,0,8718,0,0,"NOATP",-0.449,"BAIX"
575,"USA",23,26,0,9614,0,0,"NOATP",-0.418,"BAIX"
576,"NED",25,29,0,8934,0,0,"NOATP",-0.442,"BAIX"
577,"ITA",21,19,0,10083,0,0,"NOATP",-0.401,"BAIX"
578,"BRA",28,22,0,6288,0,0,"NOATP",-0.535,"BAIX"
579,"ESP",23,25,0,10227,0,0,"NOATP",-0.396,"BAIX"
580,"AUS",22,10,0,8307,0,0,"NOATP",-0.464,"BAIX"
581,"GER",29,17,0,8828,0,0,"NOATP",-0.445,"BAIX"
582,"POL",28,17,0,8329,0,0,"NOATP",-0.463,"BAIX"
583,"GER",25,22,0,8777,0,0,"NOATP",-0.447,"BAIX"
584,"MKD",27,26,0,9307,0,0,"NOATP",-0.428,"BAIX"
585,"KAZ",30,6,0,12896,0,0,"NOATP",-0.301,"BAIX"
586,"COL",25,11,0,3266,0,0,"NOATP",-0.643,"BAIX"
587,"KOR",24,11,0,8183,0,0,"NOATP",-0.468,"BAIX"
588,"BEL",23,14,0,7370,0,0,"NOATP",-0.497,"BAIX"
589,"BEL",23,18,0,5778,0,0,"NOATP",-0.554,"BAIX"
590,"TPE",21,18,0,9936,0,1,"ATP",-0.406,"BAIX"
591,"LAT",23,19,0,8909,1,2,"ATP",-0.443,"BAIX"
592,"FRA",19,21,0,10308,0,0,"NOATP",-0.393,"BAIX"
593,"ISR",20,25,0,8457,0,0,"NOATP",-0.459,"BAIX"
594,"USA",19,20,0,10355,0,0,"NOATP",-0.391,"BAIX"
595,"USA",23,22,0,14039,0,1,"ATP",-0.261,"BAIX"
596,"BRA",24,22,0,6221,0,0,"NOATP",-0.538,"BAIX"
597,"ITA",23,23,0,9737,0,0,"NOATP",-0.413,"BAIX"
598,"GBR",27,24,0,12910,0,0,"NOATP",-0.301,"BAIX"
599,"IND",26,28,0,10236,0,0,"NOATP",-0.396,"BAIX"
600,"BRA",19,9,0,9644,0,1,"ATP",-0.417,"BAIX"
601,"DEN",34,13,0,6045,5,1,"ATP",-0.544,"BAIX"
602,"AUS",25,17,0,13035,0,0,"NOATP",-0.296,"BAIX"
603,"GER",17,19,0,19160,0,1,"ATP",-0.079,"BAIX"
604,"SVK",20,21,0,8596,0,0,"NOATP",-0.454,"BAIX"
605,"RUS",27,22,0,7536,0,0,"NOATP",-0.491,"BAIX"
606,"COL",26,8,0,6331,0,1,"ATP",-0.534,"BAIX"
607,"CRO",29,8,0,15654,0,0,"NOATP",-0.204,"BAIX"
608,"ROU",19,11,0,7446,0,1,"ATP",-0.494,"BAIX"
609,"USA",20,11,0,7576,0,0,"NOATP",-0.49,"BAIX"
610,"JPN",31,16,0,21066,0,0,"NOATP",-0.012,"BAIX"
611,"CHN",23,18,0,11119,0,0,"NOATP",-0.364,"BAIX"
612,"JPN",19,18,0,7919,0,0,"NOATP",-0.478,"BAIX"
613,"USA",19,4,0,15795,0,0,"NOATP",-0.199,"BAIX"
614,"DOM",24,8,0,7578,0,1,"ATP",-0.49,"BAIX"
615,"USA",21,9,0,8268,0,0,"NOATP",-0.465,"BAIX"
616,"COL",22,11,0,5235,0,0,"NOATP",-0.573,"BAIX"
617,"CHI",21,17,0,3204,0,0,"NOATP",-0.645,"BAIX"
618,"AUT",27,27,0,9068,0,0,"NOATP",-0.437,"BAIX"
619,"JPN",28,13,0,7114,0,0,"NOATP",-0.506,"BAIX"
620,"SRB",26,18,0,7801,0,0,"NOATP",-0.482,"BAIX"
621,"CHN",23,19,0,13028,0,0,"NOATP",-0.297,"BAIX"
622,"RUS",25,22,0,7686,0,0,"NOATP",-0.486,"BAIX"
623,"ISR",24,24,0,7770,0,0,"NOATP",-0.483,"BAIX"
624,"ITA",20,27,0,7934,0,0,"NOATP",-0.477,"BAIX"
625,"GER",22,13,0,7174,0,0,"NOATP",-0.504,"BAIX"
626,"IND",31,16,0,9405,0,0,"NOATP",-0.425,"BAIX"
627,"BRA",21,17,0,7161,0,0,"NOATP",-0.505,"BAIX"
628,"FRA",23,18,0,6615,0,0,"NOATP",-0.524,"BAIX"
629,"UKR",23,20,0,5873,0,0,"NOATP",-0.55,"BAIX"
630,"SVK",19,22,0,8376,0,0,"NOATP",-0.461,"BAIX"
631,"ARG",24,23,0,7594,0,0,"NOATP",-0.489,"BAIX"
632,"ITA",23,31,0,9172,0,0,"NOATP",-0.433,"BAIX"
633,"UKR",24,17,0,4960,0,0,"NOATP",-0.583,"BAIX"
634,"ECU",25,17,0,14151,1,2,"ATP",-0.257,"BAIX"
635,"GUA",27,21,0,6970,1,3,"ATP",-0.511,"BAIX"
636,"MEX",26,13,0,16166,4,1,"ATP",-0.185,"BAIX"
637,"ITA",28,15,0,12698,0,1,"ATP",-0.308,"BAIX"
638,"CHI",27,18,0,3698,0,0,"NOATP",-0.627,"BAIX"
639,"USA",25,20,0,7924,0,0,"NOATP",-0.477,"BAIX"
640,"FRA",23,25,0,22079,0,1,"ATP",0.024,"BAIX"
641,"ARG",21,25,0,6004,0,0,"NOATP",-0.546,"BAIX"
642,"HUN",18,9,0,7717,0,0,"NOATP",-0.485,"BAIX"
643,"USA",23,12,0,7270,0,0,"NOATP",-0.501,"BAIX"
644,"ROU",27,20,0,7791,0,0,"NOATP",-0.482,"BAIX"
645,"ITA",27,34,0,8972,0,0,"NOATP",-0.44,"BAIX"
646,"FRA",26,9,0,9957,0,0,"NOATP",-0.405,"BAIX"
647,"RUS",21,24,0,8425,0,0,"NOATP",-0.46,"BAIX"
648,"CZE",28,25,0,4723,0,0,"NOATP",-0.591,"BAIX"
649,"IRL",22,26,0,5659,0,0,"NOATP",-0.558,"BAIX"
650,"GER",27,9,0,3146,0,0,"NOATP",-0.647,"BAIX"
651,"RUS",23,14,0,6103,0,0,"NOATP",-0.542,"BAIX"
652,"GBR",25,15,0,5827,0,0,"NOATP",-0.552,"BAIX"
653,"UZB",19,16,0,9124,0,0,"NOATP",-0.435,"BAIX"
654,"CZE",22,23,0,7766,0,0,"NOATP",-0.483,"BAIX"
655,"GBR",20,23,0,7404,0,0,"NOATP",-0.496,"BAIX"
656,"GER",21,23,0,7958,0,0,"NOATP",-0.476,"BAIX"
657,"USA",24,25,0,6865,0,0,"NOATP",-0.515,"BAIX"
658,"RUS",25,28,0,6619,0,0,"NOATP",-0.524,"BAIX"
659,"GER",23,28,0,7197,0,0,"NOATP",-0.503,"BAIX"
660,"JPN",19,6,0,4859,0,0,"NOATP",-0.586,"BAIX"
661,"TPE",22,16,0,5972,0,1,"ATP",-0.547,"BAIX"
662,"ITA",32,20,0,9831,0,0,"NOATP",-0.41,"BAIX"
663,"CHI",20,23,0,4052,0,0,"NOATP",-0.615,"BAIX"
664,"GER",24,26,0,6635,0,0,"NOATP",-0.523,"BAIX"
665,"USA",18,2,0,12890,0,0,"NOATP",-0.301,"BAIX"
666,"KOR",22,8,0,5203,0,0,"NOATP",-0.574,"BAIX"
667,"POR",23,14,0,5488,0,0,"NOATP",-0.564,"BAIX"
668,"GER",19,16,0,10755,0,0,"NOATP",-0.377,"BAIX"
669,"SWE",22,17,0,9855,0,0,"NOATP",-0.409,"BAIX"
670,"CHI",27,18,0,3897,0,0,"NOATP",-0.62,"BAIX"
671,"IND",22,18,0,6220,0,0,"NOATP",-0.538,"BAIX"
672,"FRA",26,22,0,9100,0,0,"NOATP",-0.436,"BAIX"
673,"RUS",23,27,0,7597,0,0,"NOATP",-0.489,"BAIX"
674,"UKR",21,31,0,8723,0,0,"NOATP",-0.449,"BAIX"
675,"CHI",19,12,0,4486,1,0,"ATP",-0.599,"BAIX"
676,"NED",29,12,0,5837,0,0,"NOATP",-0.551,"BAIX"
677,"GER",27,18,0,7813,0,0,"NOATP",-0.481,"BAIX"
678,"FRA",25,21,0,7624,0,0,"NOATP",-0.488,"BAIX"
679,"SUI",19,21,0,7307,0,0,"NOATP",-0.499,"BAIX"
680,"ITA",19,21,0,8513,0,0,"NOATP",-0.457,"BAIX"
681,"SRB",20,22,0,6318,0,0,"NOATP",-0.534,"BAIX"
682,"GER",24,22,0,5948,0,0,"NOATP",-0.547,"BAIX"
683,"TUR",27,23,0,21522,0,2,"ATP",0.004,"BAIX"
684,"ESP",18,27,0,9698,0,0,"NOATP",-0.415,"BAIX"
685,"TUN",28,27,0,8120,0,0,"NOATP",-0.471,"BAIX"
686,"KOR",26,6,0,1110,0,0,"NOATP",-0.719,"BAIX"
687,"BRA",28,8,0,4766,0,0,"NOATP",-0.589,"BAIX"
688,"GER",18,11,0,5401,0,0,"NOATP",-0.567,"BAIX"
689,"DOM",20,19,0,4022,0,2,"ATP",-0.616,"BAIX"
690,"JPN",21,22,0,5436,0,0,"NOATP",-0.566,"BAIX"
691,"ESP",23,23,0,8011,0,0,"NOATP",-0.474,"BAIX"
692,"BRA",26,27,0,8898,0,0,"NOATP",-0.443,"BAIX"
693,"CZE",21,29,0,7544,0,0,"NOATP",-0.491,"BAIX"
694,"AUS",18,10,0,6699,0,0,"NOATP",-0.521,"BAIX"
695,"USA",23,11,0,6308,0,0,"NOATP",-0.535,"BAIX"
696,"USA",28,12,0,5525,0,0,"NOATP",-0.562,"BAIX"
697,"IND",19,23,0,6192,0,0,"NOATP",-0.539,"BAIX"
698,"ITA",22,26,0,7185,0,0,"NOATP",-0.504,"BAIX"
699,"USA",24,26,0,6409,0,0,"NOATP",-0.531,"BAIX"
700,"GBR",24,5,0,4104,0,0,"NOATP",-0.613,"BAIX"
701,"MAR",20,9,0,10699,2,3,"ATP",-0.379,"BAIX"
702,"ESP",20,10,0,2383,0,0,"NOATP",-0.674,"BAIX"
703,"CZE",36,12,0,5389,0,0,"NOATP",-0.567,"BAIX"
704,"GBR",19,14,0,11492,0,0,"NOATP",-0.351,"BAIX"
705,"ITA",27,16,0,4545,0,0,"NOATP",-0.597,"BAIX"
706,"PER",28,18,0,5336,1,2,"ATP",-0.569,"BAIX"
707,"ESP",26,21,0,8162,0,0,"NOATP",-0.469,"BAIX"
708,"BRA",21,24,0,6358,0,0,"NOATP",-0.533,"BAIX"
709,"SUI",21,26,0,14492,0,2,"ATP",-0.245,"BAIX"
710,"GBR",22,29,0,7116,0,0,"NOATP",-0.506,"BAIX"
711,"ESP",22,34,0,10027,0,0,"NOATP",-0.403,"BAIX"
712,"URU",33,9,0,4098,0,0,"NOATP",-0.613,"BAIX"
713,"AUS",18,12,0,8556,0,0,"NOATP",-0.455,"BAIX"
714,"ITA",19,14,0,6103,0,0,"NOATP",-0.542,"BAIX"
715,"KAZ",21,19,0,8028,0,0,"NOATP",-0.474,"BAIX"
716,"JPN",26,19,0,3521,0,0,"NOATP",-0.634,"BAIX"
717,"BIH",23,22,0,6345,0,0,"NOATP",-0.533,"BAIX"
718,"JPN",20,22,0,5407,0,0,"NOATP",-0.567,"BAIX"
719,"ITA",21,26,0,8965,0,0,"NOATP",-0.441,"BAIX"
720,"UKR",24,29,0,5627,0,0,"NOATP",-0.559,"BAIX"
721,"ITA",27,29,0,9147,0,0,"NOATP",-0.434,"BAIX"
722,"SWE",22,3,0,4118,0,0,"NOATP",-0.612,"BAIX"
723,"RSA",27,3,0,4530,0,0,"NOATP",-0.598,"BAIX"
724,"USA",22,9,0,5594,0,0,"NOATP",-0.56,"BAIX"
725,"AUT",19,10,0,5094,0,0,"NOATP",-0.578,"BAIX"
726,"RUS",23,12,0,4305,0,0,"NOATP",-0.606,"BAIX"
727,"BEL",29,15,0,5467,0,0,"NOATP",-0.565,"BAIX"
728,"BUL",20,17,0,10461,0,1,"ATP",-0.388,"BAIX"
729,"ITA",20,18,0,7953,0,0,"NOATP",-0.476,"BAIX"
730,"USA",28,18,0,6254,0,0,"NOATP",-0.537,"BAIX"
731,"GER",21,22,0,6458,0,0,"NOATP",-0.529,"BAIX"
732,"POL",20,23,0,7318,0,0,"NOATP",-0.499,"BAIX"
733,"USA",25,24,0,6337,0,0,"NOATP",-0.534,"BAIX"
734,"JPN",26,27,0,8571,0,0,"NOATP",-0.455,"BAIX"
735,"BRA",23,5,0,4278,0,0,"NOATP",-0.607,"BAIX"
736,"MAR",29,6,0,10707,4,2,"ATP",-0.379,"BAIX"
737,"JPN",22,6,0,4457,0,0,"NOATP",-0.6,"BAIX"
738,"DEN",23,8,0,6033,0,0,"NOATP",-0.544,"BAIX"
739,"NED",19,19,0,6228,0,0,"NOATP",-0.538,"BAIX"
740,"AUS",24,6,0,4830,0,0,"NOATP",-0.587,"BAIX"
741,"ISR",22,6,0,5170,0,0,"NOATP",-0.575,"BAIX"
742,"COL",34,7,0,3360,0,0,"NOATP",-0.639,"BAIX"
743,"POL",33,9,0,4328,0,0,"NOATP",-0.605,"BAIX"
744,"KOR",24,10,0,3553,0,1,"ATP",-0.632,"BAIX"
745,"CAN",29,12,0,14061,0,0,"NOATP",-0.26,"BAIX"
746,"SUI",21,17,0,8509,0,0,"NOATP",-0.457,"BAIX"
747,"RUS",20,19,0,5880,0,0,"NOATP",-0.55,"BAIX"
748,"ITA",29,21,0,6907,0,0,"NOATP",-0.514,"BAIX"
749,"POR",24,23,0,4718,0,0,"NOATP",-0.591,"BAIX"
750,"CHI",27,24,0,6224,0,0,"NOATP",-0.538,"BAIX"
751,"EGY",28,30,0,7170,0,0,"NOATP",-0.504,"BAIX"
752,"GER",33,1,0,3650,0,0,"NOATP",-0.629,"BAIX"
753,"ISR",31,5,0,5418,0,0,"NOATP",-0.566,"BAIX"
754,"NED",29,6,0,3592,0,0,"NOATP",-0.631,"BAIX"
755,"RUS",24,7,0,6163,0,0,"NOATP",-0.54,"BAIX"
756,"USA",18,11,0,4114,0,0,"NOATP",-0.612,"BAIX"
757,"GBR",22,13,0,2214,0,0,"NOATP",-0.68,"BAIX"
758,"PHI",25,16,0,3876,0,0,"NOATP",-0.621,"BAIX"
759,"RUS",27,18,0,5582,0,0,"NOATP",-0.56,"BAIX"
760,"ROU",28,20,0,5600,0,0,"NOATP",-0.56,"BAIX"
761,"BRA",20,21,0,4559,0,0,"NOATP",-0.597,"BAIX"
762,"FRA",21,23,0,6393,0,0,"NOATP",-0.532,"BAIX"
763,"ESP",19,24,0,7698,0,0,"NOATP",-0.485,"BAIX"
764,"ESP",29,4,0,5013,0,0,"NOATP",-0.581,"BAIX"
765,"SWE",20,6,0,4473,0,0,"NOATP",-0.6,"BAIX"
766,"USA",21,6,0,4071,0,0,"NOATP",-0.614,"BAIX"
767,"IND",23,6,0,3528,0,0,"NOATP",-0.633,"BAIX"
768,"KOR",25,7,0,3810,0,0,"NOATP",-0.623,"BAIX"
769,"RUS",21,10,0,4350,0,0,"NOATP",-0.604,"BAIX"
770,"BRA",20,15,0,3544,0,0,"NOATP",-0.633,"BAIX"
771,"NED",26,17,0,4782,0,0,"NOATP",-0.589,"BAIX"
772,"UKR",20,20,0,6326,0,0,"NOATP",-0.534,"BAIX"
773,"BEL",21,23,0,5597,0,0,"NOATP",-0.56,"BAIX"
774,"ARG",18,23,0,5627,0,0,"NOATP",-0.559,"BAIX"
775,"CHI",26,24,0,5719,0,0,"NOATP",-0.556,"BAIX"
776,"UKR",29,32,0,6813,0,0,"NOATP",-0.517,"BAIX"
777,"BRA",26,8,0,3244,0,0,"NOATP",-0.643,"BAIX"
778,"THA",22,9,0,2931,0,0,"NOATP",-0.654,"BAIX"
779,"KOR",20,14,0,7549,0,2,"ATP",-0.491,"BAIX"
780,"RUS",25,15,0,3376,0,0,"NOATP",-0.639,"BAIX"
781,"AUS",23,16,0,5146,0,0,"NOATP",-0.576,"BAIX"
782,"CAN",18,16,0,9903,0,0,"NOATP",-0.407,"BAIX"
783,"KAZ",22,18,0,5384,0,0,"NOATP",-0.567,"BAIX"
784,"UKR",27,36,0,6573,0,0,"NOATP",-0.525,"BAIX"
785,"RUS",30,6,0,3213,0,0,"NOATP",-0.644,"BAIX"
786,"SUI",25,15,0,5276,0,0,"NOATP",-0.571,"BAIX"
787,"TUN",20,17,0,5210,0,3,"ATP",-0.574,"BAIX"
788,"POL",24,17,0,3965,0,0,"NOATP",-0.618,"BAIX"
789,"ARG",19,18,0,5684,0,0,"NOATP",-0.557,"BAIX"
790,"ARG",18,18,0,3502,0,0,"NOATP",-0.634,"BAIX"
791,"GER",21,19,0,4554,0,0,"NOATP",-0.597,"BAIX"
792,"HUN",26,20,0,4948,0,0,"NOATP",-0.583,"BAIX"
793,"CZE",21,22,0,5227,0,0,"NOATP",-0.573,"BAIX"
794,"ITA",29,22,0,5884,0,0,"NOATP",-0.55,"BAIX"
795,"GER",25,24,0,6373,0,0,"NOATP",-0.532,"BAIX"
796,"USA",26,25,0,5520,0,0,"NOATP",-0.563,"BAIX"
797,"USA",32,4,0,10003,0,0,"NOATP",-0.404,"BAIX"
798,"FIN",28,5,0,3168,2,0,"ATP",-0.646,"BAIX"
799,"JPN",27,12,0,4465,0,0,"NOATP",-0.6,"BAIX"
800,"BEL",28,17,0,4606,0,0,"NOATP",-0.595,"BAIX"
801,"ROU",20,19,0,5582,0,2,"ATP",-0.56,"BAIX"
802,"KGZ",25,20,0,5976,0,0,"NOATP",-0.547,"BAIX"
803,"RUS",20,22,0,5870,0,0,"NOATP",-0.55,"BAIX"
804,"ARG",22,24,0,4643,0,0,"NOATP",-0.594,"BAIX"
805,"ESP",23,24,0,6444,0,0,"NOATP",-0.53,"BAIX"
806,"FRA",33,1,0,0,0,0,"NOATP",-0.758,"BAIX"
807,"ECU",34,2,0,8386,1,1,"ATP",-0.461,"BAIX"
808,"CRO",28,3,0,8585,0,2,"ATP",-0.454,"BAIX"
809,"",18,8,0,5161,0,0,"NOATP",-0.575,"BAIX"
810,"ARG",20,8,0,3619,0,0,"NOATP",-0.63,"BAIX"
811,"INA",27,8,0,4388,2,0,"ATP",-0.603,"BAIX"
812,"NED",30,8,0,3776,0,0,"NOATP",-0.624,"BAIX"
813,"CHN",20,11,0,11035,0,0,"NOATP",-0.367,"BAIX"
814,"SWE",25,14,0,4998,0,0,"NOATP",-0.581,"BAIX"
815,"CHN",20,17,0,16052,0,0,"NOATP",-0.189,"BAIX"
816,"RUS",31,17,0,7629,0,0,"NOATP",-0.488,"BAIX"
817,"SWE",21,17,0,5273,0,0,"NOATP",-0.571,"BAIX"
818,"GER",29,18,0,3237,0,0,"NOATP",-0.644,"BAIX"
819,"CRO",24,18,0,5431,0,0,"NOATP",-0.566,"BAIX"
820,"FRA",22,18,0,4894,0,0,"NOATP",-0.585,"BAIX"
821,"SRB",29,20,0,5301,0,0,"NOATP",-0.57,"BAIX"
822,"VEN",24,21,0,6859,2,2,"ATP",-0.515,"BAIX"
823,"FRA",24,21,0,6191,0,0,"NOATP",-0.539,"BAIX"
824,"CRO",20,22,0,4944,0,0,"NOATP",-0.583,"BAIX"
825,"POR",22,27,0,5864,0,0,"NOATP",-0.55,"BAIX"
826,"ESP",24,31,0,6220,0,0,"NOATP",-0.538,"BAIX"
827,"USA",36,6,0,3686,0,0,"NOATP",-0.628,"BAIX"
828,"KOR",27,6,0,2829,0,0,"NOATP",-0.658,"BAIX"
829,"CRO",19,8,0,3681,0,0,"NOATP",-0.628,"BAIX"
830,"ISR",21,11,0,2433,0,0,"NOATP",-0.672,"BAIX"
831,"AUT",20,11,0,3883,0,0,"NOATP",-0.621,"BAIX"
832,"SLO",24,12,0,4140,0,0,"NOATP",-0.612,"BAIX"
833,"GER",24,13,0,3925,0,0,"NOATP",-0.619,"BAIX"
834,"SLO",27,14,0,4544,0,0,"NOATP",-0.597,"BAIX"
835,"FRA",21,16,0,4475,0,0,"NOATP",-0.6,"BAIX"
836,"FRA",22,16,0,4747,0,0,"NOATP",-0.59,"BAIX"
837,"MNE",19,17,0,4376,0,0,"NOATP",-0.603,"BAIX"
838,"ESP",28,17,0,5257,0,0,"NOATP",-0.572,"BAIX"
839,"AUS",20,19,0,5035,0,0,"NOATP",-0.58,"BAIX"
840,"AUS",22,19,0,6119,0,0,"NOATP",-0.541,"BAIX"
841,"BRA",32,20,0,5262,0,0,"NOATP",-0.572,"BAIX"
842,"ITA",21,22,0,5357,0,0,"NOATP",-0.568,"BAIX"
843,"SWE",20,22,0,5664,0,0,"NOATP",-0.558,"BAIX"
844,"RUS",21,24,0,5865,0,0,"NOATP",-0.55,"BAIX"
845,"TPE",27,26,0,5134,0,0,"NOATP",-0.576,"BAIX"
846,"BRA",26,27,0,4504,0,0,"NOATP",-0.599,"BAIX"
847,"RUS",36,3,0,6270,0,0,"NOATP",-0.536,"BAIX"
848,"FRA",21,4,0,2732,0,0,"NOATP",-0.661,"BAIX"
848,"GBR",30,4,0,67537,0,2,"ATP",1.635,"MIG"
850,"TPE",32,4,0,3920,0,0,"NOATP",-0.619,"BAIX"
851,"USA",17,6,0,4272,0,0,"NOATP",-0.607,"BAIX"
852,"BRA",17,6,0,2957,0,0,"NOATP",-0.653,"BAIX"
853,"RUS",25,8,0,1841,0,0,"NOATP",-0.693,"BAIX"
854,"ISR",22,9,0,1000,0,1,"ATP",-0.723,"BAIX"
855,"AUT",27,10,0,3054,0,0,"NOATP",-0.65,"BAIX"
856,"USA",19,11,0,4590,0,0,"NOATP",-0.596,"BAIX"
857,"USA",26,11,0,3047,0,0,"NOATP",-0.65,"BAIX"
858,"POL",19,14,0,3135,0,0,"NOATP",-0.647,"BAIX"
859,"BRA",26,15,0,3336,0,0,"NOATP",-0.64,"BAIX"
860,"GBR",25,15,0,3081,0,0,"NOATP",-0.649,"BAIX"
861,"MEX",22,16,0,15720,0,1,"ATP",-0.201,"BAIX"
862,"RUS",19,18,0,4844,0,0,"NOATP",-0.587,"BAIX"
863,"GER",22,18,0,5061,0,0,"NOATP",-0.579,"BAIX"
864,"RUS",19,19,0,5292,0,0,"NOATP",-0.571,"BAIX"
865,"TUR",20,21,0,8476,0,0,"NOATP",-0.458,"BAIX"
866,"TUR",22,24,0,7396,0,0,"NOATP",-0.496,"BAIX"
867,"JPN",22,24,0,5385,0,0,"NOATP",-0.567,"BAIX"
868,"LTU",22,6,0,774,1,0,"ATP",-0.731,"BAIX"
869,"SWE",25,7,0,4545,1,1,"ATP",-0.597,"BAIX"
870,"HUN",19,8,0,4083,0,0,"NOATP",-0.614,"BAIX"
871,"RUS",18,11,0,5066,0,0,"NOATP",-0.579,"BAIX"
872,"CZE",19,12,0,3743,0,0,"NOATP",-0.626,"BAIX"
873,"POL",29,14,0,5068,0,0,"NOATP",-0.579,"BAIX"
874,"RUS",21,14,0,4215,0,0,"NOATP",-0.609,"BAIX"
875,"CRO",25,16,0,5732,0,0,"NOATP",-0.555,"BAIX"
876,"ITA",19,17,0,5251,0,0,"NOATP",-0.572,"BAIX"
877,"ITA",28,19,0,3360,0,0,"NOATP",-0.639,"BAIX"
877,"BEL",19,19,0,4839,0,0,"NOATP",-0.587,"BAIX"
879,"JPN",23,19,0,5010,0,0,"NOATP",-0.581,"BAIX"
880,"ESP",22,20,0,5975,0,0,"NOATP",-0.547,"BAIX"
881,"CRO",21,21,0,5236,0,0,"NOATP",-0.573,"BAIX"
882,"UKR",23,23,0,4221,0,0,"NOATP",-0.609,"BAIX"
883,"ITA",20,23,0,4114,0,0,"NOATP",-0.612,"BAIX"
884,"ESP",19,28,0,6624,0,0,"NOATP",-0.524,"BAIX"
885,"USA",26,2,0,0,0,0,"NOATP",-0.758,"BAIX"
886,"USA",20,2,0,2510,0,0,"NOATP",-0.669,"BAIX"
887,"VEN",25,8,0,2822,0,0,"NOATP",-0.658,"BAIX"
888,"GER",22,10,0,3746,0,0,"NOATP",-0.626,"BAIX"
889,"JPN",20,11,0,5067,0,0,"NOATP",-0.579,"BAIX"
890,"FRA",23,13,0,3941,0,0,"NOATP",-0.619,"BAIX"
891,"ESP",28,16,0,3456,0,0,"NOATP",-0.636,"BAIX"
891,"RUS",21,16,0,4379,0,0,"NOATP",-0.603,"BAIX"
893,"USA",23,18,0,5220,0,0,"NOATP",-0.573,"BAIX"
893,"TPE",19,18,0,4495,0,0,"NOATP",-0.599,"BAIX"
895,"FRA",22,20,0,4325,0,0,"NOATP",-0.605,"BAIX"
896,"NED",23,21,0,5550,0,0,"NOATP",-0.562,"BAIX"
897,"AUS",20,25,0,7683,0,0,"NOATP",-0.486,"BAIX"
898,"TUN",22,7,0,3480,0,0,"NOATP",-0.635,"BAIX"
899,"USA",18,10,0,53049,0,1,"ATP",1.122,"MIG-BAIX"
900,"FRA",26,11,0,2378,0,0,"NOATP",-0.674,"BAIX"
901,"USA",22,12,0,3801,0,0,"NOATP",-0.624,"BAIX"
902,"BRA",30,13,0,2433,0,0,"NOATP",-0.672,"BAIX"
903,"ROU",21,14,0,4778,0,0,"NOATP",-0.589,"BAIX"
904,"ARG",23,19,0,3540,0,0,"NOATP",-0.633,"BAIX"
905,"GER",21,20,0,5361,0,0,"NOATP",-0.568,"BAIX"
906,"JPN",31,20,0,4403,0,0,"NOATP",-0.602,"BAIX"
907,"HUN",26,22,0,4772,0,0,"NOATP",-0.589,"BAIX"
908,"POR",20,22,0,4991,0,0,"NOATP",-0.581,"BAIX"
909,"USA",24,22,0,5466,0,0,"NOATP",-0.565,"BAIX"
910,"AUS",23,23,0,6634,0,0,"NOATP",-0.523,"BAIX"
911,"POL",21,25,0,6784,0,0,"NOATP",-0.518,"BAIX"
912,"IND",30,4,0,13313,0,1,"ATP",-0.286,"BAIX"
913,"SVK",23,4,0,1011,0,0,"NOATP",-0.722,"BAIX"
914,"KOR",25,5,0,2178,0,0,"NOATP",-0.681,"BAIX"
915,"USA",19,7,0,4143,0,0,"NOATP",-0.611,"BAIX"
916,"USA",22,7,0,4220,0,0,"NOATP",-0.609,"BAIX"
917,"EGY",22,9,0,2928,0,0,"NOATP",-0.655,"BAIX"
918,"ISR",17,9,0,3452,0,2,"ATP",-0.636,"BAIX"
919,"RUS",26,9,0,2545,0,0,"NOATP",-0.668,"BAIX"
920,"NED",28,9,0,2042,0,0,"NOATP",-0.686,"BAIX"
921,"LAT",25,10,0,2230,0,2,"ATP",-0.679,"BAIX"
922,"GBR",23,11,0,3233,0,0,"NOATP",-0.644,"BAIX"
923,"GUA",24,13,0,2352,2,0,"ATP",-0.675,"BAIX"
924,"ESP",23,15,0,2250,0,0,"NOATP",-0.679,"BAIX"
925,"EGY",31,16,0,3799,0,0,"NOATP",-0.624,"BAIX"
926,"RUS",23,16,0,4529,0,0,"NOATP",-0.598,"BAIX"
927,"FRA",20,21,0,4028,0,0,"NOATP",-0.616,"BAIX"
928,"ISR",22,26,0,5064,0,0,"NOATP",-0.579,"BAIX"
929,"FRA",27,29,0,5202,0,0,"NOATP",-0.574,"BAIX"
930,"FRA",29,4,0,1764,0,0,"NOATP",-0.696,"BAIX"
931,"FRA",20,5,0,2384,0,0,"NOATP",-0.674,"BAIX"
932,"USA",23,6,0,3203,0,0,"NOATP",-0.645,"BAIX"
933,"ITA",20,7,0,2272,0,0,"NOATP",-0.678,"BAIX"
934,"FRA",32,8,0,3252,0,0,"NOATP",-0.643,"BAIX"
935,"AUS",27,10,0,3207,0,0,"NOATP",-0.645,"BAIX"
936,"IRL",17,10,0,3419,0,0,"NOATP",-0.637,"BAIX"
937,"USA",19,10,0,5165,0,0,"NOATP",-0.575,"BAIX"
938,"PER",22,11,0,2400,0,0,"NOATP",-0.673,"BAIX"
939,"FRA",20,12,0,3588,0,0,"NOATP",-0.631,"BAIX"
940,"BLR",30,14,0,5398,0,0,"NOATP",-0.567,"BAIX"
941,"KOR",19,14,0,4656,0,0,"NOATP",-0.593,"BAIX"
942,"CZE",19,16,0,3497,0,0,"NOATP",-0.634,"BAIX"
943,"AUS",27,17,0,5904,0,0,"NOATP",-0.549,"BAIX"
944,"ITA",22,18,0,3520,0,0,"NOATP",-0.634,"BAIX"
945,"USA",25,20,0,3837,0,0,"NOATP",-0.622,"BAIX"
946,"CAN",25,20,0,6663,0,0,"NOATP",-0.522,"BAIX"
947,"ESP",24,20,0,5442,0,0,"NOATP",-0.565,"BAIX"
948,"SUI",20,22,0,4461,0,0,"NOATP",-0.6,"BAIX"
949,"USA",25,23,0,5370,0,0,"NOATP",-0.568,"BAIX"
950,"BRA",28,25,0,4432,0,0,"NOATP",-0.601,"BAIX"
951,"CRO",24,1,0,10410,0,1,"ATP",-0.389,"BAIX"
952,"ESP",25,7,0,2598,0,0,"NOATP",-0.666,"BAIX"
953,"DEN",26,7,0,2551,1,2,"ATP",-0.668,"BAIX"
954,"SWE",18,8,0,4766,0,0,"NOATP",-0.589,"BAIX"
955,"GBR",21,9,0,2977,0,0,"NOATP",-0.653,"BAIX"
956,"RUS",21,11,0,2880,0,0,"NOATP",-0.656,"BAIX"
957,"UKR",20,11,0,3451,0,0,"NOATP",-0.636,"BAIX"
958,"ITA",21,12,0,2164,0,0,"NOATP",-0.682,"BAIX"
958,"EST",19,12,0,3344,1,0,"ATP",-0.64,"BAIX"
960,"GER",25,12,0,3408,0,0,"NOATP",-0.638,"BAIX"
961,"BUL",21,14,0,3153,0,0,"NOATP",-0.647,"BAIX"
962,"USA",21,14,0,4054,0,0,"NOATP",-0.615,"BAIX"
963,"ESP",35,14,0,3534,0,0,"NOATP",-0.633,"BAIX"
964,"USA",24,15,0,3638,0,0,"NOATP",-0.629,"BAIX"
965,"BRA",19,15,0,4214,0,0,"NOATP",-0.609,"BAIX"
966,"ARG",23,17,0,2564,0,0,"NOATP",-0.667,"BAIX"
967,"HKG",19,17,0,2688,1,1,"ATP",-0.663,"BAIX"
968,"ROU",29,19,0,4480,0,0,"NOATP",-0.6,"BAIX"
969,"ESP",23,21,0,3984,0,0,"NOATP",-0.617,"BAIX"
970,"RUS",21,23,0,5036,0,0,"NOATP",-0.58,"BAIX"
971,"GER",26,26,0,5538,0,0,"NOATP",-0.562,"BAIX"
972,"GBR",21,2,0,1530,0,0,"NOATP",-0.704,"BAIX"
972,"JPN",41,2,0,1530,0,0,"NOATP",-0.704,"BAIX"
974,"ITA",21,3,0,0,0,0,"NOATP",-0.758,"BAIX"
975,"USA",21,5,0,2500,0,0,"NOATP",-0.67,"BAIX"
976,"USA",22,5,0,2765,0,0,"NOATP",-0.66,"BAIX"
977,"KOR",23,5,0,1605,0,0,"NOATP",-0.701,"BAIX"
978,"UZB",19,7,0,4083,0,0,"NOATP",-0.614,"BAIX"
979,"SRB",27,9,0,2066,0,0,"NOATP",-0.685,"BAIX"
980,"USA",20,10,0,3090,0,0,"NOATP",-0.649,"BAIX"
981,"GRE",22,12,0,2558,0,0,"NOATP",-0.668,"BAIX"
982,"BEL",22,13,0,3735,0,0,"NOATP",-0.626,"BAIX"
982,"TPE",18,13,0,4009,0,0,"NOATP",-0.616,"BAIX"
982,"CRO",26,13,0,4013,0,0,"NOATP",-0.616,"BAIX"
985,"ARG",20,13,0,2253,0,0,"NOATP",-0.678,"BAIX"
986,"CZE",20,13,0,3082,0,0,"NOATP",-0.649,"BAIX"
987,"AUT",22,14,0,2202,0,0,"NOATP",-0.68,"BAIX"
988,"SUI",22,14,0,3130,0,0,"NOATP",-0.647,"BAIX"
989,"AUS",24,15,0,4418,0,0,"NOATP",-0.602,"BAIX"
990,"NED",27,15,0,3532,0,0,"NOATP",-0.633,"BAIX"
991,"ITA",21,17,0,3722,0,0,"NOATP",-0.626,"BAIX"
992,"ITA",19,18,0,4596,0,0,"NOATP",-0.595,"BAIX"
993,"BRA",25,18,0,3122,0,0,"NOATP",-0.648,"BAIX"
994,"AUT",27,19,0,3941,0,0,"NOATP",-0.619,"BAIX"
995,"NED",21,19,0,2976,0,0,"NOATP",-0.653,"BAIX"
995,"GEO",24,19,0,3588,1,3,"ATP",-0.631,"BAIX"
997,"SUI",23,20,0,2698,0,0,"NOATP",-0.663,"BAIX"
998,"URU",23,23,0,4125,0,0,"NOATP",-0.612,"BAIX"
999,"GBR",21,23,0,4254,0,0,"NOATP",-0.608,"BAIX"
1000,"POL",21,23,0,3498,0,0,"NOATP",-0.634,"BAIX"
